<?xml version="1.0" encoding="UTF-8" standalone="yes"?>
<sl-bag-extract:bagStand xmlns:DatatypenNEN3610="www.kadaster.nl/schemas/lvbag/imbag/datatypennen3610/v20180601" xmlns:Objecten="www.kadaster.nl/schemas/lvbag/imbag/objecten/v20180601" xmlns:gml="http://www.opengis.net/gml/3.2" xmlns:xlink="http://www.w3.org/1999/xlink" xmlns:Historie="www.kadaster.nl/schemas/lvbag/imbag/historie/v20180601" xmlns:Objecten-ref="www.kadaster.nl/schemas/lvbag/imbag/objecten-ref/v20180601" xmlns:nen5825="www.kadaster.nl/schemas/lvbag/imbag/nen5825/v20180601" xmlns:KenmerkInOnderzoek="www.kadaster.nl/schemas/lvbag/imbag/kenmerkinonderzoek/v20180601" xmlns:selecties-extract="http://www.kadaster.nl/schemas/lvbag/extract-selecties/v20180601" xmlns:sl-bag-extract="http://www.kadaster.nl/schemas/lvbag/extract-deelbestand-lvc/v20180601" xmlns:sl="http://www.kadaster.nl/schemas/standlevering-generiek/1.0">
    <sl-bag-extract:bagInfo>
        <selecties-extract:Gebied-Registratief>
            <selecties-extract:Gebied-GEM>
                <selecties-extract:GemeenteCollectie>
                    <selecties-extract:Gemeente>
                        <selecties-extract:GemeenteIdentificatie>0453</selecties-extract:GemeenteIdentificatie>
                    </selecties-extract:Gemeente>
                </selecties-extract:GemeenteCollectie>
            </selecties-extract:Gebied-GEM>
        </selecties-extract:Gebied-Registratief>
        <selecties-extract:LVC-Extract>
            <selecties-extract:StandTechnischeDatum>2020-05-01</selecties-extract:StandTechnischeDatum>
        </selecties-extract:LVC-Extract>
    </sl-bag-extract:bagInfo>
    <sl:standBestand>
        <sl:dataset>LVBAG</sl:dataset>
        <sl:inhoud>
            <sl:gebied>GEMEENTE</sl:gebied>
            <sl:leveringsId>0000000001</sl:leveringsId>
            <sl:objectTypen>
                <sl:objectType>PND</sl:objectType>
            </sl:objectTypen>
        </sl:inhoud>
        <sl:stand>
            <sl-bag-extract:bagObject>
                <Objecten:Pand>
                    <Objecten:identificatie>
                        <DatatypenNEN3610:namespace>NL.IMBAG.Pand</DatatypenNEN3610:namespace>
                        <DatatypenNEN3610:lokaalID>0375100000475355</DatatypenNEN3610:lokaalID>
                    </Objecten:identificatie>
                    <Objecten:geometrie>
                        <gml:Polygon srsName="urn:ogc:def:crs:EPSG::28992" srsDimension="3" gml:id="PND_0375100000475355_1_1559644236">
                            <gml:exterior>
<gml:LinearRing>
    <gml:posList count="6">101510.773 499997.521 0.0 101501.081 500002.931 0.0 101494.037 499990.313 0.0 101503.582 499984.983 0.0 101503.728 499984.902 0.0 101510.773 499997.521 0.0</gml:posList>
</gml:LinearRing>
                            </gml:exterior>
                        </gml:Polygon>
                    </Objecten:geometrie>
                    <Objecten:oorspronkelijkBouwjaar>2002</Objecten:oorspronkelijkBouwjaar>
                    <Objecten:status>Pand in gebruik</Objecten:status>
                    <Objecten:geconstateerd>N</Objecten:geconstateerd>
                    <Objecten:documentdatum>2019-06-03</Objecten:documentdatum>
                    <Objecten:documentnummer>INT-19-50027</Objecten:documentnummer>
                    <Objecten:voorkomen>
                        <Historie:Voorkomen>
                            <Historie:voorkomenidentificatie>1</Historie:voorkomenidentificatie>
                            <Historie:beginGeldigheid>2019-06-03</Historie:beginGeldigheid>
                            <Historie:tijdstipRegistratie>2019-06-04T12:15:09.000</Historie:tijdstipRegistratie>
                            <Historie:BeschikbaarLV>
<Historie:tijdstipRegistratieLV>2019-06-04T12:30:36.447</Historie:tijdstipRegistratieLV>
                            </Historie:BeschikbaarLV>
                        </Historie:Voorkomen>
                    </Objecten:voorkomen>
                </Objecten:Pand>
            </sl-bag-extract:bagObject>
        </sl:stand>
        <sl:stand>
            <sl-bag-extract:bagObject>
                <Objecten:Pand>
                    <Objecten:identificatie>
                        <DatatypenNEN3610:namespace>NL.IMBAG.Pand</DatatypenNEN3610:namespace>
                        <DatatypenNEN3610:lokaalID>0453100000000008</DatatypenNEN3610:lokaalID>
                    </Objecten:identificatie>
                    <Objecten:geometrie>
                        <gml:Polygon srsName="urn:ogc:def:crs:EPSG::28992" srsDimension="3" gml:id="PND_0453100000000008_1_1290094303">
                            <gml:exterior>
<gml:LinearRing>
    <gml:posList count="11">103571.796 496576.301 0.0 103571.369 496577.582 0.0 103566.53 496575.971 0.0 103566.846 496575.022 0.0 103564.0 496574.073 0.0 103565.986 496568.115 0.0 103568.832 496569.064 0.0 103571.274 496561.74 0.0 103575.249 496563.065 0.0 103575.962 496563.303 0.0 103571.796 496576.301 0.0</gml:posList>
</gml:LinearRing>
                            </gml:exterior>
                        </gml:Polygon>
                    </Objecten:geometrie>
                    <Objecten:oorspronkelijkBouwjaar>1931</Objecten:oorspronkelijkBouwjaar>
                    <Objecten:status>Pand in gebruik</Objecten:status>
                    <Objecten:geconstateerd>N</Objecten:geconstateerd>
                    <Objecten:documentdatum>1929-10-09</Objecten:documentdatum>
                    <Objecten:documentnummer>BP-1929-00241</Objecten:documentnummer>
                    <Objecten:voorkomen>
                        <Historie:Voorkomen>
                            <Historie:voorkomenidentificatie>1</Historie:voorkomenidentificatie>
                            <Historie:beginGeldigheid>1929-10-09</Historie:beginGeldigheid>
                            <Historie:tijdstipRegistratie>2010-11-18T16:18:13.000</Historie:tijdstipRegistratie>
                            <Historie:BeschikbaarLV>
<Historie:tijdstipRegistratieLV>2010-11-18T16:31:43.582</Historie:tijdstipRegistratieLV>
                            </Historie:BeschikbaarLV>
                        </Historie:Voorkomen>
                    </Objecten:voorkomen>
                </Objecten:Pand>
            </sl-bag-extract:bagObject>
        </sl:stand>
        <sl:stand>
            <sl-bag-extract:bagObject>
                <Objecten:Pand>
                    <Objecten:identificatie>
                        <DatatypenNEN3610:namespace>NL.IMBAG.Pand</DatatypenNEN3610:namespace>
                        <DatatypenNEN3610:lokaalID>0453100000000428</DatatypenNEN3610:lokaalID>
                    </Objecten:identificatie>
                    <Objecten:geometrie>
                        <gml:Polygon srsName="urn:ogc:def:crs:EPSG::28992" srsDimension="3" gml:id="PND_0453100000000428_1_1290094307">
                            <gml:exterior>
<gml:LinearRing>
    <gml:posList count="9">103453.848 492082.758 0.0 103452.823 492081.944 0.0 103454.301 492079.985 0.0 103456.968 492082.122 0.0 103458.519 492080.082 0.0 103462.404 492083.035 0.0 103469.917 492088.745 0.0 103466.801 492092.715 0.0 103453.848 492082.758 0.0</gml:posList>
</gml:LinearRing>
                            </gml:exterior>
                        </gml:Polygon>
                    </Objecten:geometrie>
                    <Objecten:oorspronkelijkBouwjaar>1870</Objecten:oorspronkelijkBouwjaar>
                    <Objecten:status>Pand in gebruik</Objecten:status>
                    <Objecten:geconstateerd>N</Objecten:geconstateerd>
                    <Objecten:documentdatum>2010-09-14</Objecten:documentdatum>
                    <Objecten:documentnummer>BS10.00628</Objecten:documentnummer>
                    <Objecten:voorkomen>
                        <Historie:Voorkomen>
                            <Historie:voorkomenidentificatie>1</Historie:voorkomenidentificatie>
                            <Historie:beginGeldigheid>2010-09-14</Historie:beginGeldigheid>
                            <Historie:tijdstipRegistratie>2010-11-18T16:18:56.000</Historie:tijdstipRegistratie>
                            <Historie:BeschikbaarLV>
<Historie:tijdstipRegistratieLV>2010-11-18T16:31:47.088</Historie:tijdstipRegistratieLV>
                            </Historie:BeschikbaarLV>
                        </Historie:Voorkomen>
                    </Objecten:voorkomen>
                </Objecten:Pand>
            </sl-bag-extract:bagObject>
        </sl:stand>
        <sl:stand>
            <sl-bag-extract:bagObject>
                <Objecten:Pand>
                    <Objecten:identificatie>
                        <DatatypenNEN3610:namespace>NL.IMBAG.Pand</DatatypenNEN3610:namespace>
                        <DatatypenNEN3610:lokaalID>0453100000008340</DatatypenNEN3610:lokaalID>
                    </Objecten:identificatie>
                    <Objecten:geometrie>
                        <gml:Polygon srsName="urn:ogc:def:crs:EPSG::28992" srsDimension="3" gml:id="PND_0453100000008340_1_1290094341">
                            <gml:exterior>
<gml:LinearRing>
    <gml:posList count="9">105541.656 494835.14 0.0 105535.449 494842.79 0.0 105533.894 494841.532 0.0 105530.774 494839.008 0.0 105532.095 494837.375 0.0 105537.738 494830.43 0.0 105540.883 494832.972 0.0 105540.129 494833.905 0.0 105541.656 494835.14 0.0</gml:posList>
</gml:LinearRing>
                            </gml:exterior>
                        </gml:Polygon>
                    </Objecten:geometrie>
                    <Objecten:oorspronkelijkBouwjaar>1987</Objecten:oorspronkelijkBouwjaar>
                    <Objecten:status>Pand in gebruik</Objecten:status>
                    <Objecten:geconstateerd>N</Objecten:geconstateerd>
                    <Objecten:documentdatum>1985-11-19</Objecten:documentdatum>
                    <Objecten:documentnummer>BP-1985-00375</Objecten:documentnummer>
                    <Objecten:voorkomen>
                        <Historie:Voorkomen>
                            <Historie:voorkomenidentificatie>1</Historie:voorkomenidentificatie>
                            <Historie:beginGeldigheid>1985-11-19</Historie:beginGeldigheid>
                            <Historie:tijdstipRegistratie>2010-11-18T16:28:34.000</Historie:tijdstipRegistratie>
                            <Historie:BeschikbaarLV>
<Historie:tijdstipRegistratieLV>2010-11-18T16:32:21.928</Historie:tijdstipRegistratieLV>
                            </Historie:BeschikbaarLV>
                        </Historie:Voorkomen>
                    </Objecten:voorkomen>
                </Objecten:Pand>
            </sl-bag-extract:bagObject>
        </sl:stand>
    </sl:standBestand>
</sl-bag-extract:bagStand>
