<?xml version="1.0" encoding="UTF-8" standalone="yes"?>
<sl-bag-extract:bagStand xmlns:DatatypenNEN3610="www.kadaster.nl/schemas/lvbag/imbag/datatypennen3610/v20180601" xmlns:Objecten="www.kadaster.nl/schemas/lvbag/imbag/objecten/v20180601" xmlns:gml="http://www.opengis.net/gml/3.2" xmlns:xlink="http://www.w3.org/1999/xlink" xmlns:Historie="www.kadaster.nl/schemas/lvbag/imbag/historie/v20180601" xmlns:Objecten-ref="www.kadaster.nl/schemas/lvbag/imbag/objecten-ref/v20180601" xmlns:nen5825="www.kadaster.nl/schemas/lvbag/imbag/nen5825/v20180601" xmlns:KenmerkInOnderzoek="www.kadaster.nl/schemas/lvbag/imbag/kenmerkinonderzoek/v20180601" xmlns:selecties-extract="http://www.kadaster.nl/schemas/lvbag/extract-selecties/v20180601" xmlns:sl-bag-extract="http://www.kadaster.nl/schemas/lvbag/extract-deelbestand-lvc/v20180601" xmlns:sl="http://www.kadaster.nl/schemas/standlevering-generiek/1.0">
    <sl-bag-extract:bagInfo>
        <selecties-extract:Gebied-Registratief>
            <selecties-extract:Gebied-GEM>
                <selecties-extract:GemeenteCollectie>
                    <selecties-extract:Gemeente>
                        <selecties-extract:GemeenteIdentificatie>0453</selecties-extract:GemeenteIdentificatie>
                    </selecties-extract:Gemeente>
                </selecties-extract:GemeenteCollectie>
            </selecties-extract:Gebied-GEM>
        </selecties-extract:Gebied-Registratief>
        <selecties-extract:LVC-Extract>
            <selecties-extract:StandTechnischeDatum>2020-05-01</selecties-extract:StandTechnischeDatum>
        </selecties-extract:LVC-Extract>
    </sl-bag-extract:bagInfo>
    <sl:standBestand>
        <sl:dataset>LVBAG</sl:dataset>
        <sl:inhoud>
            <sl:gebied>GEMEENTE</sl:gebied>
            <sl:leveringsId>0000000001</sl:leveringsId>
            <sl:objectTypen>
                <sl:objectType>PND</sl:objectType>
            </sl:objectTypen>
        </sl:inhoud>
        <sl:stand>
            <sl-bag-extract:bagObject>
                <Objecten:Pand>
                    <Objecten:identificatie>
                        <DatatypenNEN3610:namespace>NL.IMBAG.Pand</DatatypenNEN3610:namespace>
                        <DatatypenNEN3610:lokaalID>0453100000012919</DatatypenNEN3610:lokaalID>
                    </Objecten:identificatie>
                    <Objecten:geometrie>
                        <gml:Polygon srsName="urn:ogc:def:crs:EPSG::28992" srsDimension="3" gml:id="PND_0453100000012919_1_1290096055">
                            <gml:exterior>
<gml:LinearRing>
    <gml:posList count="8">102332.441 497474.335 0.0 102341.095 497472.962 0.0 102344.555 497472.413 0.0 102344.911 497474.58 0.0 102341.484 497475.143 0.0 102341.938 497477.69 0.0 102333.286 497479.121 0.0 102332.441 497474.335 0.0</gml:posList>
</gml:LinearRing>
                            </gml:exterior>
                        </gml:Polygon>
                    </Objecten:geometrie>
                    <Objecten:oorspronkelijkBouwjaar>1930</Objecten:oorspronkelijkBouwjaar>
                    <Objecten:status>Pand in gebruik</Objecten:status>
                    <Objecten:geconstateerd>N</Objecten:geconstateerd>
                    <Objecten:documentdatum>1929-10-02</Objecten:documentdatum>
                    <Objecten:documentnummer>BP-1929-00254</Objecten:documentnummer>
                    <Objecten:voorkomen>
                        <Historie:Voorkomen>
                            <Historie:voorkomenidentificatie>1</Historie:voorkomenidentificatie>
                            <Historie:beginGeldigheid>1929-10-02</Historie:beginGeldigheid>
                            <Historie:tijdstipRegistratie>2010-11-18T16:37:40.000</Historie:tijdstipRegistratie>
                            <Historie:BeschikbaarLV>
<Historie:tijdstipRegistratieLV>2010-11-18T17:00:55.790</Historie:tijdstipRegistratieLV>
                            </Historie:BeschikbaarLV>
                        </Historie:Voorkomen>
                    </Objecten:voorkomen>
                </Objecten:Pand>
            </sl-bag-extract:bagObject>
        </sl:stand>
        <sl:stand>
            <sl-bag-extract:bagObject>
                <Objecten:Pand>
                    <Objecten:identificatie>
                        <DatatypenNEN3610:namespace>NL.IMBAG.Pand</DatatypenNEN3610:namespace>
                        <DatatypenNEN3610:lokaalID>0453100000012920</DatatypenNEN3610:lokaalID>
                    </Objecten:identificatie>
                    <Objecten:geometrie>
                        <gml:Polygon srsName="urn:ogc:def:crs:EPSG::28992" srsDimension="3" gml:id="PND_0453100000012920_1_1290096055">
                            <gml:exterior>
<gml:LinearRing>
    <gml:posList count="10">102331.621 497469.692 0.0 102340.254 497468.24 0.0 102344.553 497467.5 0.0 102344.952 497470.388 0.0 102341.945 497470.972 0.0 102341.923 497470.858 0.0 102340.76 497471.083 0.0 102341.095 497472.962 0.0 102332.441 497474.335 0.0 102331.621 497469.692 0.0</gml:posList>
</gml:LinearRing>
                            </gml:exterior>
                        </gml:Polygon>
                    </Objecten:geometrie>
                    <Objecten:oorspronkelijkBouwjaar>1930</Objecten:oorspronkelijkBouwjaar>
                    <Objecten:status>Pand in gebruik</Objecten:status>
                    <Objecten:geconstateerd>N</Objecten:geconstateerd>
                    <Objecten:documentdatum>1929-10-02</Objecten:documentdatum>
                    <Objecten:documentnummer>BP-1929-00254</Objecten:documentnummer>
                    <Objecten:voorkomen>
                        <Historie:Voorkomen>
                            <Historie:voorkomenidentificatie>1</Historie:voorkomenidentificatie>
                            <Historie:beginGeldigheid>1929-10-02</Historie:beginGeldigheid>
                            <Historie:tijdstipRegistratie>2010-11-18T16:37:40.000</Historie:tijdstipRegistratie>
                            <Historie:BeschikbaarLV>
<Historie:tijdstipRegistratieLV>2010-11-18T17:00:55.793</Historie:tijdstipRegistratieLV>
                            </Historie:BeschikbaarLV>
                        </Historie:Voorkomen>
                    </Objecten:voorkomen>
                </Objecten:Pand>
            </sl-bag-extract:bagObject>
        </sl:stand>
        <sl:stand>
            <sl-bag-extract:bagObject>
                <Objecten:Pand>
                    <Objecten:identificatie>
                        <DatatypenNEN3610:namespace>NL.IMBAG.Pand</DatatypenNEN3610:namespace>
                        <DatatypenNEN3610:lokaalID>0453100000013695</DatatypenNEN3610:lokaalID>
                    </Objecten:identificatie>
                    <Objecten:geometrie>
                        <gml:Polygon srsName="urn:ogc:def:crs:EPSG::28992" srsDimension="3" gml:id="PND_0453100000013695_3_1455888607">
                            <gml:exterior>
<gml:LinearRing>
    <gml:posList count="8">103456.541 496760.201 0.0 103456.199 496761.142 0.0 103458.395 496761.94 0.0 103456.788 496766.363 0.0 103446.889 496762.829 0.0 103448.516 496758.351 0.0 103448.935 496757.339 0.0 103456.541 496760.201 0.0</gml:posList>
</gml:LinearRing>
                            </gml:exterior>
                        </gml:Polygon>
                    </Objecten:geometrie>
                    <Objecten:oorspronkelijkBouwjaar>1929</Objecten:oorspronkelijkBouwjaar>
                    <Objecten:status>Pand in gebruik</Objecten:status>
                    <Objecten:geconstateerd>N</Objecten:geconstateerd>
                    <Objecten:documentdatum>2016-02-19</Objecten:documentdatum>
                    <Objecten:documentnummer>AV16.0027</Objecten:documentnummer>
                    <Objecten:voorkomen>
                        <Historie:Voorkomen>
                            <Historie:voorkomenidentificatie>3</Historie:voorkomenidentificatie>
                            <Historie:beginGeldigheid>2016-02-19</Historie:beginGeldigheid>
                            <Historie:tijdstipRegistratie>2016-02-19T14:14:01.000</Historie:tijdstipRegistratie>
                            <Historie:BeschikbaarLV>
<Historie:tijdstipRegistratieLV>2016-02-19T14:30:07.855</Historie:tijdstipRegistratieLV>
                            </Historie:BeschikbaarLV>
                        </Historie:Voorkomen>
                    </Objecten:voorkomen>
                </Objecten:Pand>
            </sl-bag-extract:bagObject>
        </sl:stand>
        <sl:stand>
            <sl-bag-extract:bagObject>
                <Objecten:Pand>
                    <Objecten:identificatie>
                        <DatatypenNEN3610:namespace>NL.IMBAG.Pand</DatatypenNEN3610:namespace>
                        <DatatypenNEN3610:lokaalID>0453100000013757</DatatypenNEN3610:lokaalID>
                    </Objecten:identificatie>
                    <Objecten:geometrie>
                        <gml:Polygon srsName="urn:ogc:def:crs:EPSG::28992" srsDimension="3" gml:id="PND_0453100000013757_1_1290096063">
                            <gml:exterior>
<gml:LinearRing>
    <gml:posList count="8">103533.567 496688.566 0.0 103543.146 496691.747 0.0 103542.464 496693.896 0.0 103542.873 496694.031 0.0 103548.948 496696.043 0.0 103548.162 496698.269 0.0 103532.086 496693.043 0.0 103533.567 496688.566 0.0</gml:posList>
</gml:LinearRing>
                            </gml:exterior>
                        </gml:Polygon>
                    </Objecten:geometrie>
                    <Objecten:oorspronkelijkBouwjaar>1929</Objecten:oorspronkelijkBouwjaar>
                    <Objecten:status>Pand in gebruik</Objecten:status>
                    <Objecten:geconstateerd>N</Objecten:geconstateerd>
                    <Objecten:documentdatum>1929-01-22</Objecten:documentdatum>
                    <Objecten:documentnummer>BP-1928-00332</Objecten:documentnummer>
                    <Objecten:voorkomen>
                        <Historie:Voorkomen>
                            <Historie:voorkomenidentificatie>1</Historie:voorkomenidentificatie>
                            <Historie:beginGeldigheid>1929-01-22</Historie:beginGeldigheid>
                            <Historie:tijdstipRegistratie>2010-11-18T16:39:22.000</Historie:tijdstipRegistratie>
                            <Historie:BeschikbaarLV>
<Historie:tijdstipRegistratieLV>2010-11-18T17:01:03.266</Historie:tijdstipRegistratieLV>
                            </Historie:BeschikbaarLV>
                        </Historie:Voorkomen>
                    </Objecten:voorkomen>
                </Objecten:Pand>
            </sl-bag-extract:bagObject>
        </sl:stand>
        <sl:stand>
            <sl-bag-extract:bagObject>
                <Objecten:Pand>
                    <Objecten:identificatie>
                        <DatatypenNEN3610:namespace>NL.IMBAG.Pand</DatatypenNEN3610:namespace>
                        <DatatypenNEN3610:lokaalID>0453100000013763</DatatypenNEN3610:lokaalID>
                    </Objecten:identificatie>
                    <Objecten:geometrie>
                        <gml:Polygon srsName="urn:ogc:def:crs:EPSG::28992" srsDimension="3" gml:id="PND_0453100000013763_1_1290096063">
                            <gml:exterior>
<gml:LinearRing>
    <gml:posList count="9">103541.365 496665.319 0.0 103542.846 496660.894 0.0 103554.675 496664.828 0.0 103554.648 496664.91 0.0 103553.139 496669.26 0.0 103548.948 496667.857 0.0 103548.813 496668.287 0.0 103541.22 496665.76 0.0 103541.365 496665.319 0.0</gml:posList>
</gml:LinearRing>
                            </gml:exterior>
                        </gml:Polygon>
                    </Objecten:geometrie>
                    <Objecten:oorspronkelijkBouwjaar>1929</Objecten:oorspronkelijkBouwjaar>
                    <Objecten:status>Pand in gebruik</Objecten:status>
                    <Objecten:geconstateerd>N</Objecten:geconstateerd>
                    <Objecten:documentdatum>1929-01-22</Objecten:documentdatum>
                    <Objecten:documentnummer>BP-1928-00332</Objecten:documentnummer>
                    <Objecten:voorkomen>
                        <Historie:Voorkomen>
                            <Historie:voorkomenidentificatie>1</Historie:voorkomenidentificatie>
                            <Historie:beginGeldigheid>1929-01-22</Historie:beginGeldigheid>
                            <Historie:eindGeldigheid>2011-04-29</Historie:eindGeldigheid>
                            <Historie:tijdstipRegistratie>2010-11-18T16:39:23.000</Historie:tijdstipRegistratie>
                            <Historie:eindRegistratie>2011-05-02T10:59:01.000</Historie:eindRegistratie>
                            <Historie:BeschikbaarLV>
<Historie:tijdstipRegistratieLV>2010-11-18T17:01:03.497</Historie:tijdstipRegistratieLV>
<Historie:tijdstipEindRegistratieLV>2011-05-02T11:04:46.678</Historie:tijdstipEindRegistratieLV>
                            </Historie:BeschikbaarLV>
                        </Historie:Voorkomen>
                    </Objecten:voorkomen>
                </Objecten:Pand>
            </sl-bag-extract:bagObject>
        </sl:stand>
        <sl:stand>
            <sl-bag-extract:bagObject>
                <Objecten:Pand>
                    <Objecten:identificatie>
                        <DatatypenNEN3610:namespace>NL.IMBAG.Pand</DatatypenNEN3610:namespace>
                        <DatatypenNEN3610:lokaalID>0453100000013764</DatatypenNEN3610:lokaalID>
                    </Objecten:identificatie>
                    <Objecten:geometrie>
                        <gml:Polygon srsName="urn:ogc:def:crs:EPSG::28992" srsDimension="3" gml:id="PND_0453100000013764_1_1290096063">
                            <gml:exterior>
<gml:LinearRing>
    <gml:posList count="10">103554.648 496664.91 0.0 103554.675 496664.828 0.0 103542.846 496660.894 0.0 103544.301 496656.545 0.0 103552.307 496659.11 0.0 103555.45 496660.117 0.0 103554.676 496662.349 0.0 103557.356 496663.279 0.0 103556.56 496665.574 0.0 103554.648 496664.91 0.0</gml:posList>
</gml:LinearRing>
                            </gml:exterior>
                        </gml:Polygon>
                    </Objecten:geometrie>
                    <Objecten:oorspronkelijkBouwjaar>1929</Objecten:oorspronkelijkBouwjaar>
                    <Objecten:status>Pand in gebruik</Objecten:status>
                    <Objecten:geconstateerd>N</Objecten:geconstateerd>
                    <Objecten:documentdatum>1929-01-22</Objecten:documentdatum>
                    <Objecten:documentnummer>BP-1928-00332</Objecten:documentnummer>
                    <Objecten:voorkomen>
                        <Historie:Voorkomen>
                            <Historie:voorkomenidentificatie>1</Historie:voorkomenidentificatie>
                            <Historie:beginGeldigheid>1929-01-22</Historie:beginGeldigheid>
                            <Historie:tijdstipRegistratie>2010-11-18T16:39:23.000</Historie:tijdstipRegistratie>
                            <Historie:BeschikbaarLV>
<Historie:tijdstipRegistratieLV>2010-11-18T17:01:03.500</Historie:tijdstipRegistratieLV>
                            </Historie:BeschikbaarLV>
                        </Historie:Voorkomen>
                    </Objecten:voorkomen>
                </Objecten:Pand>
            </sl-bag-extract:bagObject>
        </sl:stand>
    </sl:standBestand>
</sl-bag-extract:bagStand>
