<?xml version="1.0" encoding="UTF-8"?>
<sl-bag-extract:bagStand xmlns:DatatypenNEN3610="www.kadaster.nl/schemas/lvbag/imbag/datatypennen3610/v20200601" xmlns:Objecten="www.kadaster.nl/schemas/lvbag/imbag/objecten/v20200601" xmlns:gml="http://www.opengis.net/gml/3.2" xmlns:Historie="www.kadaster.nl/schemas/lvbag/imbag/historie/v20200601" xmlns:Objecten-ref="www.kadaster.nl/schemas/lvbag/imbag/objecten-ref/v20200601" xmlns:nen5825="www.kadaster.nl/schemas/lvbag/imbag/nen5825/v20200601" xmlns:KenmerkInOnderzoek="www.kadaster.nl/schemas/lvbag/imbag/kenmerkinonderzoek/v20200601" xmlns:selecties-extract="http://www.kadaster.nl/schemas/lvbag/extract-selecties/v20200601" xmlns:sl-bag-extract="http://www.kadaster.nl/schemas/lvbag/extract-deelbestand-lvc/v20200601" xmlns:sl="http://www.kadaster.nl/schemas/standlevering-generiek/1.0" xmlns:xsi="http://www.w3.org/2001/XMLSchema-instance" xmlns:xs="http://www.w3.org/2001/XMLSchema" xsi:schemaLocation="http://www.kadaster.nl/schemas/lvbag/extract-deelbestand-lvc/v20200601 http://www.kadaster.nl/schemas/bag-verstrekkingen/extract-deelbestand-lvc/v20200601/BagvsExtractDeelbestandExtractLvc-2.1.0.xsd">
  <sl-bag-extract:bagInfo>
    <selecties-extract:Gebied-Registratief>
      <selecties-extract:Gebied-NLD />
    </selecties-extract:Gebied-Registratief>
    <selecties-extract:LVC-Extract>
      <selecties-extract:StandTechnischeDatum>2020-10-08</selecties-extract:StandTechnischeDatum>
    </selecties-extract:LVC-Extract>
  </sl-bag-extract:bagInfo>
  <sl:standBestand>
    <sl:dataset>LVBAG</sl:dataset>
    <sl:inhoud>
      <sl:gebied>Nederland</sl:gebied>
      <sl:leveringsId>0000000001</sl:leveringsId>
      <sl:objectTypen>
        <sl:objectType>PND</sl:objectType>
      </sl:objectTypen>
    </sl:inhoud><sl:stand><sl-bag-extract:bagObject><Objecten:Pand><Objecten:identificatie domein="NL.IMBAG.Pand">0003100000125079</Objecten:identificatie><Objecten:geometrie><gml:Polygon srsName="urn:ogc:def:crs:EPSG::28992" srsDimension="3" gml:id="PND_0003100000125079_2_1338903073">
  <gml:exterior>
    <gml:LinearRing>
      <gml:posList count="5">254666.45 594069.642 0.0 254662.95 594065.65 0.0 254666.094 594062.894 0.0 254669.594 594066.886 0.0 254666.45 594069.642 0.0</gml:posList>
    </gml:LinearRing>
  </gml:exterior>
</gml:Polygon></Objecten:geometrie><Objecten:oorspronkelijkBouwjaar>1968</Objecten:oorspronkelijkBouwjaar><Objecten:status>Pand gesloopt</Objecten:status><Objecten:geconstateerd>N</Objecten:geconstateerd><Objecten:documentdatum>2012-05-29</Objecten:documentdatum><Objecten:documentnummer>A2012-COR-004</Objecten:documentnummer><Objecten:voorkomen><Historie:Voorkomen><Historie:voorkomenidentificatie>2</Historie:voorkomenidentificatie><Historie:beginGeldigheid>2012-05-29</Historie:beginGeldigheid><Historie:tijdstipRegistratie>2012-06-05T15:00:53.000</Historie:tijdstipRegistratie><Historie:BeschikbaarLV><Historie:tijdstipRegistratieLV>2012-06-05T15:31:13.365</Historie:tijdstipRegistratieLV></Historie:BeschikbaarLV></Historie:Voorkomen></Objecten:voorkomen></Objecten:Pand></sl-bag-extract:bagObject></sl:stand><sl:stand><sl-bag-extract:bagObject><Objecten:Pand><Objecten:identificatie domein="NL.IMBAG.Pand">0003100000125080</Objecten:identificatie><Objecten:geometrie><gml:Polygon srsName="urn:ogc:def:crs:EPSG::28992" srsDimension="3" gml:id="PND_0003100000125080_1_1287992103">
  <gml:exterior>
    <gml:LinearRing>
      <gml:posList count="5">252555.579 594071.212 0.0 252552.398 594070.725 0.0 252553.091 594066.203 0.0 252556.272 594066.69 0.0 252555.579 594071.212 0.0</gml:posList>
    </gml:LinearRing>
  </gml:exterior>
</gml:Polygon></Objecten:geometrie><Objecten:oorspronkelijkBouwjaar>1924</Objecten:oorspronkelijkBouwjaar><Objecten:status>Pand in gebruik</Objecten:status><Objecten:geconstateerd>N</Objecten:geconstateerd><Objecten:documentdatum>2010-07-20</Objecten:documentdatum><Objecten:documentnummer>FB 2010/PANDEN001</Objecten:documentnummer><Objecten:voorkomen><Historie:Voorkomen><Historie:voorkomenidentificatie>1</Historie:voorkomenidentificatie><Historie:beginGeldigheid>2010-07-20</Historie:beginGeldigheid><Historie:tijdstipRegistratie>2010-10-20T08:42:03.000</Historie:tijdstipRegistratie><Historie:BeschikbaarLV><Historie:tijdstipRegistratieLV>2010-10-25T09:35:03.959</Historie:tijdstipRegistratieLV></Historie:BeschikbaarLV></Historie:Voorkomen></Objecten:voorkomen></Objecten:Pand></sl-bag-extract:bagObject></sl:stand>
  </sl:standBestand>
</sl-bag-extract:bagStand>
