<?xml version="1.0" encoding="UTF-8"?>
<sl-bag-extract:bagStand xmlns:DatatypenNEN3610="www.kadaster.nl/schemas/lvbag/imbag/datatypennen3610/v20200601" xmlns:Objecten="www.kadaster.nl/schemas/lvbag/imbag/objecten/v20200601" xmlns:gml="http://www.opengis.net/gml/3.2" xmlns:Historie="www.kadaster.nl/schemas/lvbag/imbag/historie/v20200601" xmlns:Objecten-ref="www.kadaster.nl/schemas/lvbag/imbag/objecten-ref/v20200601" xmlns:nen5825="www.kadaster.nl/schemas/lvbag/imbag/nen5825/v20200601" xmlns:KenmerkInOnderzoek="www.kadaster.nl/schemas/lvbag/imbag/kenmerkinonderzoek/v20200601" xmlns:selecties-extract="http://www.kadaster.nl/schemas/lvbag/extract-selecties/v20200601" xmlns:sl-bag-extract="http://www.kadaster.nl/schemas/lvbag/extract-deelbestand-lvc/v20200601" xmlns:sl="http://www.kadaster.nl/schemas/standlevering-generiek/1.0" xmlns:xsi="http://www.w3.org/2001/XMLSchema-instance" xmlns:xs="http://www.w3.org/2001/XMLSchema" xsi:schemaLocation="http://www.kadaster.nl/schemas/lvbag/extract-deelbestand-lvc/v20200601 http://www.kadaster.nl/schemas/bag-verstrekkingen/extract-deelbestand-lvc/v20200601/BagvsExtractDeelbestandExtractLvc-2.1.0.xsd">
  <sl-bag-extract:bagInfo>
    <selecties-extract:Gebied-Registratief>
      <selecties-extract:Gebied-NLD />
    </selecties-extract:Gebied-Registratief>
    <selecties-extract:LVC-Extract>
      <selecties-extract:StandTechnischeDatum>2020-10-08</selecties-extract:StandTechnischeDatum>
    </selecties-extract:LVC-Extract>
  </sl-bag-extract:bagInfo>
  <sl:standBestand>
    <sl:dataset>LVBAG</sl:dataset>
    <sl:inhoud>
      <sl:gebied>Nederland</sl:gebied>
      <sl:leveringsId>0000000001</sl:leveringsId>
      <sl:objectTypen>
        <sl:objectType>PND</sl:objectType>
      </sl:objectTypen>
    </sl:inhoud><sl:stand><sl-bag-extract:bagObject><Objecten:Pand><Objecten:identificatie domein="NL.IMBAG.Pand">0003100000117485</Objecten:identificatie><Objecten:geometrie><gml:Polygon srsName="urn:ogc:def:crs:EPSG::28992" srsDimension="3" gml:id="PND_0003100000117485_1_1287992046">
  <gml:exterior>
    <gml:LinearRing>
      <gml:posList count="17">254059.737 593504.637 0.0 254059.227 593500.0 0.0 254059.216 593499.899 0.0 254058.242 593500.0 0.0 254057.914 593500.034 0.0 254057.893 593500.0 0.0 254057.807 593499.863 0.0 254052.074 593490.692 0.0 254052.182 593490.639 0.0 254058.138 593490.002 0.0 254057.932 593488.165 0.0 254074.487 593486.413 0.0 254075.981 593500.0 0.0 254076.265 593502.583 0.0 254076.561 593502.55 0.0 254076.594 593502.847 0.0 254059.737 593504.637 0.0</gml:posList>
    </gml:LinearRing>
  </gml:exterior>
</gml:Polygon></Objecten:geometrie><Objecten:oorspronkelijkBouwjaar>1991</Objecten:oorspronkelijkBouwjaar><Objecten:status>Pand in gebruik</Objecten:status><Objecten:geconstateerd>N</Objecten:geconstateerd><Objecten:documentdatum>2010-07-20</Objecten:documentdatum><Objecten:documentnummer>FB 2010/PANDEN001</Objecten:documentnummer><Objecten:voorkomen><Historie:Voorkomen><Historie:voorkomenidentificatie>1</Historie:voorkomenidentificatie><Historie:beginGeldigheid>2010-07-20</Historie:beginGeldigheid><Historie:tijdstipRegistratie>2010-10-20T08:29:45.000</Historie:tijdstipRegistratie><Historie:BeschikbaarLV><Historie:tijdstipRegistratieLV>2010-10-25T09:34:06.490</Historie:tijdstipRegistratieLV></Historie:BeschikbaarLV></Historie:Voorkomen></Objecten:voorkomen></Objecten:Pand></sl-bag-extract:bagObject></sl:stand><sl:stand><sl-bag-extract:bagObject><Objecten:Pand><Objecten:identificatie domein="NL.IMBAG.Pand">0003100000117486</Objecten:identificatie><Objecten:geometrie><gml:Polygon srsName="urn:ogc:def:crs:EPSG::28992" srsDimension="3" gml:id="PND_0003100000117486_1_1287992046">
  <gml:exterior>
    <gml:LinearRing>
      <gml:posList count="13">253822.701 593455.662 0.0 253826.352 593500.0 0.0 253827.457 593513.425 0.0 253812.358 593514.669 0.0 253812.12 593511.782 0.0 253816.665 593511.408 0.0 253815.726 593500.0 0.0 253812.163 593456.738 0.0 253810.619 593456.865 0.0 253810.278 593452.716 0.0 253816.1 593452.236 0.0 253816.425 593456.179 0.0 253822.701 593455.662 0.0</gml:posList>
    </gml:LinearRing>
  </gml:exterior>
</gml:Polygon></Objecten:geometrie><Objecten:oorspronkelijkBouwjaar>1970</Objecten:oorspronkelijkBouwjaar><Objecten:status>Pand in gebruik</Objecten:status><Objecten:geconstateerd>N</Objecten:geconstateerd><Objecten:documentdatum>2010-07-20</Objecten:documentdatum><Objecten:documentnummer>FB 2010/PANDEN001</Objecten:documentnummer><Objecten:voorkomen><Historie:Voorkomen><Historie:voorkomenidentificatie>1</Historie:voorkomenidentificatie><Historie:beginGeldigheid>2010-07-20</Historie:beginGeldigheid><Historie:tijdstipRegistratie>2010-10-20T08:29:46.000</Historie:tijdstipRegistratie><Historie:BeschikbaarLV><Historie:tijdstipRegistratieLV>2010-10-25T09:34:06.582</Historie:tijdstipRegistratieLV></Historie:BeschikbaarLV></Historie:Voorkomen></Objecten:voorkomen></Objecten:Pand></sl-bag-extract:bagObject></sl:stand>
  </sl:standBestand>
</sl-bag-extract:bagStand>
