<?xml version="1.0" encoding="UTF-8"?>
<sl-bag-extract:bagStand xmlns:DatatypenNEN3610="www.kadaster.nl/schemas/lvbag/imbag/datatypennen3610/v20200601" xmlns:Objecten="www.kadaster.nl/schemas/lvbag/imbag/objecten/v20200601" xmlns:gml="http://www.opengis.net/gml/3.2" xmlns:Historie="www.kadaster.nl/schemas/lvbag/imbag/historie/v20200601" xmlns:Objecten-ref="www.kadaster.nl/schemas/lvbag/imbag/objecten-ref/v20200601" xmlns:nen5825="www.kadaster.nl/schemas/lvbag/imbag/nen5825/v20200601" xmlns:KenmerkInOnderzoek="www.kadaster.nl/schemas/lvbag/imbag/kenmerkinonderzoek/v20200601" xmlns:selecties-extract="http://www.kadaster.nl/schemas/lvbag/extract-selecties/v20200601" xmlns:sl-bag-extract="http://www.kadaster.nl/schemas/lvbag/extract-deelbestand-lvc/v20200601" xmlns:sl="http://www.kadaster.nl/schemas/standlevering-generiek/1.0" xmlns:xsi="http://www.w3.org/2001/XMLSchema-instance" xmlns:xs="http://www.w3.org/2001/XMLSchema" xsi:schemaLocation="http://www.kadaster.nl/schemas/lvbag/extract-deelbestand-lvc/v20200601 http://www.kadaster.nl/schemas/bag-verstrekkingen/extract-deelbestand-lvc/v20200601/BagvsExtractDeelbestandExtractLvc-2.1.0.xsd">
  <sl-bag-extract:bagInfo>
    <selecties-extract:Gebied-Registratief>
      <selecties-extract:Gebied-NLD />
    </selecties-extract:Gebied-Registratief>
    <selecties-extract:LVC-Extract>
      <selecties-extract:StandTechnischeDatum>2020-10-08</selecties-extract:StandTechnischeDatum>
    </selecties-extract:LVC-Extract>
  </sl-bag-extract:bagInfo>
  <sl:standBestand>
    <sl:dataset>LVBAG</sl:dataset>
    <sl:inhoud>
      <sl:gebied>Nederland</sl:gebied>
      <sl:leveringsId>0000000001</sl:leveringsId>
      <sl:objectTypen>
        <sl:objectType>PND</sl:objectType>
      </sl:objectTypen>
    </sl:inhoud><sl:stand><sl-bag-extract:bagObject><Objecten:Pand><Objecten:identificatie domein="NL.IMBAG.Pand">0005100000001972</Objecten:identificatie><Objecten:geometrie><gml:Polygon srsName="urn:ogc:def:crs:EPSG::28992" srsDimension="3" gml:id="PND_0005100000001972_2_1593500720">
  <gml:exterior>
    <gml:LinearRing>
      <gml:posList count="10">236567.738 590657.328 0.0 236572.146 590661.59 0.0 236565.116644214 590668.849607463 0.0 236563.201 590670.828 0.0 236561.391 590669.079 0.0 236563.274 590667.14 0.0 236563.634 590667.49 0.0 236564.886 590666.2 0.0 236561.916 590663.32 0.0 236567.738 590657.328 0.0</gml:posList>
    </gml:LinearRing>
  </gml:exterior>
</gml:Polygon></Objecten:geometrie><Objecten:oorspronkelijkBouwjaar>1981</Objecten:oorspronkelijkBouwjaar><Objecten:status>Pand in gebruik</Objecten:status><Objecten:geconstateerd>N</Objecten:geconstateerd><Objecten:documentdatum>2020-06-30</Objecten:documentdatum><Objecten:documentnummer>AV-2020-134</Objecten:documentnummer><Objecten:voorkomen><Historie:Voorkomen><Historie:voorkomenidentificatie>2</Historie:voorkomenidentificatie><Historie:beginGeldigheid>2020-06-30</Historie:beginGeldigheid><Historie:tijdstipRegistratie>2020-06-30T08:28:57.511</Historie:tijdstipRegistratie><Historie:BeschikbaarLV><Historie:tijdstipRegistratieLV>2020-06-30T09:05:20.157</Historie:tijdstipRegistratieLV></Historie:BeschikbaarLV></Historie:Voorkomen></Objecten:voorkomen></Objecten:Pand></sl-bag-extract:bagObject></sl:stand><sl:stand><sl-bag-extract:bagObject><Objecten:Pand><Objecten:identificatie domein="NL.IMBAG.Pand">0005100000001973</Objecten:identificatie><Objecten:geometrie><gml:Polygon srsName="urn:ogc:def:crs:EPSG::28992" srsDimension="3" gml:id="PND_0005100000001973_1_1292317656">
  <gml:exterior>
    <gml:LinearRing>
      <gml:posList count="5">236601.908 590766.493 0.0 236596.513 590761.215 0.0 236598.363 590759.323 0.0 236603.758 590764.602 0.0 236601.908 590766.493 0.0</gml:posList>
    </gml:LinearRing>
  </gml:exterior>
</gml:Polygon></Objecten:geometrie><Objecten:oorspronkelijkBouwjaar>1997</Objecten:oorspronkelijkBouwjaar><Objecten:status>Pand in gebruik</Objecten:status><Objecten:geconstateerd>N</Objecten:geconstateerd><Objecten:documentdatum>2010-10-05</Objecten:documentdatum><Objecten:documentnummer>201001280</Objecten:documentnummer><Objecten:voorkomen><Historie:Voorkomen><Historie:voorkomenidentificatie>1</Historie:voorkomenidentificatie><Historie:beginGeldigheid>2010-10-05</Historie:beginGeldigheid><Historie:tijdstipRegistratie>2010-12-13T17:51:29.000</Historie:tijdstipRegistratie><Historie:BeschikbaarLV><Historie:tijdstipRegistratieLV>2010-12-14T10:07:36.376</Historie:tijdstipRegistratieLV></Historie:BeschikbaarLV></Historie:Voorkomen></Objecten:voorkomen></Objecten:Pand></sl-bag-extract:bagObject></sl:stand><sl:stand><sl-bag-extract:bagObject><Objecten:Pand><Objecten:identificatie domein="NL.IMBAG.Pand">0005100000001974</Objecten:identificatie><Objecten:geometrie><gml:Polygon srsName="urn:ogc:def:crs:EPSG::28992" srsDimension="3" gml:id="PND_0005100000001974_1_1292317656">
  <gml:exterior>
    <gml:LinearRing>
      <gml:posList count="12">236569.586 590782.343 0.0 236574.759 590775.02 0.0 236577.977 590777.252 0.0 236580.036 590774.286 0.0 236581.069 590775.003 0.0 236582.459 590772.705 0.0 236585.533 590774.362 0.0 236584.326 590776.918 0.0 236581.384 590782.399 0.0 236578.582 590780.838 0.0 236574.942 590786.067 0.0 236569.586 590782.343 0.0</gml:posList>
    </gml:LinearRing>
  </gml:exterior>
</gml:Polygon></Objecten:geometrie><Objecten:oorspronkelijkBouwjaar>1983</Objecten:oorspronkelijkBouwjaar><Objecten:status>Pand in gebruik</Objecten:status><Objecten:geconstateerd>N</Objecten:geconstateerd><Objecten:documentdatum>2010-10-05</Objecten:documentdatum><Objecten:documentnummer>201001280</Objecten:documentnummer><Objecten:voorkomen><Historie:Voorkomen><Historie:voorkomenidentificatie>1</Historie:voorkomenidentificatie><Historie:beginGeldigheid>2010-10-05</Historie:beginGeldigheid><Historie:eindGeldigheid>2020-06-30</Historie:eindGeldigheid><Historie:tijdstipRegistratie>2010-12-13T17:51:29.000</Historie:tijdstipRegistratie><Historie:eindRegistratie>2020-06-30T08:28:57.511</Historie:eindRegistratie><Historie:BeschikbaarLV><Historie:tijdstipRegistratieLV>2010-12-14T10:07:36.387</Historie:tijdstipRegistratieLV><Historie:tijdstipEindRegistratieLV>2020-06-30T09:05:22.396</Historie:tijdstipEindRegistratieLV></Historie:BeschikbaarLV></Historie:Voorkomen></Objecten:voorkomen></Objecten:Pand></sl-bag-extract:bagObject></sl:stand><sl:stand><sl-bag-extract:bagObject><Objecten:Pand><Objecten:identificatie domein="NL.IMBAG.Pand">0005100000001974</Objecten:identificatie><Objecten:geometrie><gml:Polygon srsName="urn:ogc:def:crs:EPSG::28992" srsDimension="3" gml:id="PND_0005100000001974_2_1593500722">
  <gml:exterior>
    <gml:LinearRing>
      <gml:posList count="13">236569.586 590782.343 0.0 236574.759 590775.02 0.0 236577.977 590777.252 0.0 236580.036 590774.286 0.0 236581.481308594 590772.074853516 0.0 236582.459 590772.705 0.0 236585.533 590774.362 0.0 236584.326 590776.918 0.0 236581.384 590782.399 0.0 236578.582 590780.838 0.0 236578.262557816 590781.296890983 0.0 236574.942 590786.067 0.0 236569.586 590782.343 0.0</gml:posList>
    </gml:LinearRing>
  </gml:exterior>
</gml:Polygon></Objecten:geometrie><Objecten:oorspronkelijkBouwjaar>1983</Objecten:oorspronkelijkBouwjaar><Objecten:status>Pand in gebruik</Objecten:status><Objecten:geconstateerd>N</Objecten:geconstateerd><Objecten:documentdatum>2020-06-30</Objecten:documentdatum><Objecten:documentnummer>AV-2020-134</Objecten:documentnummer><Objecten:voorkomen><Historie:Voorkomen><Historie:voorkomenidentificatie>2</Historie:voorkomenidentificatie><Historie:beginGeldigheid>2020-06-30</Historie:beginGeldigheid><Historie:tijdstipRegistratie>2020-06-30T08:28:57.511</Historie:tijdstipRegistratie><Historie:BeschikbaarLV><Historie:tijdstipRegistratieLV>2020-06-30T09:05:22.396</Historie:tijdstipRegistratieLV></Historie:BeschikbaarLV></Historie:Voorkomen></Objecten:voorkomen></Objecten:Pand></sl-bag-extract:bagObject></sl:stand>
  </sl:standBestand>
</sl-bag-extract:bagStand>
