<?xml version="1.0" encoding="UTF-8" standalone="yes"?>
<sl-bag-extract:bagStand xmlns:DatatypenNEN3610="www.kadaster.nl/schemas/lvbag/imbag/datatypennen3610/v20180601" xmlns:Objecten="www.kadaster.nl/schemas/lvbag/imbag/objecten/v20180601" xmlns:gml="http://www.opengis.net/gml/3.2" xmlns:xlink="http://www.w3.org/1999/xlink" xmlns:Historie="www.kadaster.nl/schemas/lvbag/imbag/historie/v20180601" xmlns:Objecten-ref="www.kadaster.nl/schemas/lvbag/imbag/objecten-ref/v20180601" xmlns:nen5825="www.kadaster.nl/schemas/lvbag/imbag/nen5825/v20180601" xmlns:KenmerkInOnderzoek="www.kadaster.nl/schemas/lvbag/imbag/kenmerkinonderzoek/v20180601" xmlns:selecties-extract="http://www.kadaster.nl/schemas/lvbag/extract-selecties/v20180601" xmlns:sl-bag-extract="http://www.kadaster.nl/schemas/lvbag/extract-deelbestand-lvc/v20180601" xmlns:sl="http://www.kadaster.nl/schemas/standlevering-generiek/1.0">
    <sl-bag-extract:bagInfo>
        <selecties-extract:Gebied-Registratief>
            <selecties-extract:Gebied-GEM>
                <selecties-extract:GemeenteCollectie>
                    <selecties-extract:Gemeente>
                        <selecties-extract:GemeenteIdentificatie>0453</selecties-extract:GemeenteIdentificatie>
                    </selecties-extract:Gemeente>
                </selecties-extract:GemeenteCollectie>
            </selecties-extract:Gebied-GEM>
        </selecties-extract:Gebied-Registratief>
        <selecties-extract:LVC-Extract>
            <selecties-extract:StandTechnischeDatum>2020-05-01</selecties-extract:StandTechnischeDatum>
        </selecties-extract:LVC-Extract>
    </sl-bag-extract:bagInfo>
    <sl:standBestand>
        <sl:dataset>LVBAG</sl:dataset>
        <sl:inhoud>
            <sl:gebied>GEMEENTE</sl:gebied>
            <sl:leveringsId>0000000001</sl:leveringsId>
            <sl:objectTypen>
                <sl:objectType>PND</sl:objectType>
            </sl:objectTypen>
        </sl:inhoud>
        <sl:stand>
            <sl-bag-extract:bagObject>
                <Objecten:Pand>
                    <Objecten:identificatie>
                        <DatatypenNEN3610:namespace>NL.IMBAG.Pand</DatatypenNEN3610:namespace>
                        <DatatypenNEN3610:lokaalID>0453100000007851</DatatypenNEN3610:lokaalID>
                    </Objecten:identificatie>
                    <Objecten:geometrie>
                        <gml:Polygon srsName="urn:ogc:def:crs:EPSG::28992" srsDimension="3" gml:id="PND_0453100000007851_1_1290094341">
                            <gml:exterior>
<gml:LinearRing>
    <gml:posList count="5">102543.207 496987.87 0.0 102540.952 496997.866 0.0 102531.965 496995.775 0.0 102534.344 496985.879 0.0 102543.207 496987.87 0.0</gml:posList>
</gml:LinearRing>
                            </gml:exterior>
                        </gml:Polygon>
                    </Objecten:geometrie>
                    <Objecten:oorspronkelijkBouwjaar>1955</Objecten:oorspronkelijkBouwjaar>
                    <Objecten:status>Pand in gebruik</Objecten:status>
                    <Objecten:geconstateerd>N</Objecten:geconstateerd>
                    <Objecten:documentdatum>1953-05-12</Objecten:documentdatum>
                    <Objecten:documentnummer>BP-1953-00133</Objecten:documentnummer>
                    <Objecten:voorkomen>
                        <Historie:Voorkomen>
                            <Historie:voorkomenidentificatie>1</Historie:voorkomenidentificatie>
                            <Historie:beginGeldigheid>1953-05-12</Historie:beginGeldigheid>
                            <Historie:eindGeldigheid>2011-07-21</Historie:eindGeldigheid>
                            <Historie:tijdstipRegistratie>2010-11-18T16:28:19.000</Historie:tijdstipRegistratie>
                            <Historie:eindRegistratie>2011-07-25T13:25:05.000</Historie:eindRegistratie>
                            <Historie:BeschikbaarLV>
<Historie:tijdstipRegistratieLV>2010-11-18T16:32:21.271</Historie:tijdstipRegistratieLV>
<Historie:tijdstipEindRegistratieLV>2011-07-26T11:22:07.341</Historie:tijdstipEindRegistratieLV>
                            </Historie:BeschikbaarLV>
                        </Historie:Voorkomen>
                    </Objecten:voorkomen>
                </Objecten:Pand>
            </sl-bag-extract:bagObject>
        </sl:stand>
        <sl:stand>
            <sl-bag-extract:bagObject>
                <Objecten:Pand>
                    <Objecten:identificatie>
                        <DatatypenNEN3610:namespace>NL.IMBAG.Pand</DatatypenNEN3610:namespace>
                        <DatatypenNEN3610:lokaalID>0453100000007851</DatatypenNEN3610:lokaalID>
                    </Objecten:identificatie>
                    <Objecten:geometrie>
                        <gml:Polygon srsName="urn:ogc:def:crs:EPSG::28992" srsDimension="3" gml:id="PND_0453100000007851_2_1311672127">
                            <gml:exterior>
<gml:LinearRing>
    <gml:posList count="5">102543.207 496987.87 0.0 102540.952 496997.866 0.0 102531.965 496995.775 0.0 102534.344 496985.879 0.0 102543.207 496987.87 0.0</gml:posList>
</gml:LinearRing>
                            </gml:exterior>
                        </gml:Polygon>
                    </Objecten:geometrie>
                    <Objecten:oorspronkelijkBouwjaar>1955</Objecten:oorspronkelijkBouwjaar>
                    <Objecten:status>Sloopvergunning verleend</Objecten:status>
                    <Objecten:geconstateerd>N</Objecten:geconstateerd>
                    <Objecten:documentdatum>2011-02-14</Objecten:documentdatum>
                    <Objecten:documentnummer>u11.001644</Objecten:documentnummer>
                    <Objecten:voorkomen>
                        <Historie:Voorkomen>
                            <Historie:voorkomenidentificatie>2</Historie:voorkomenidentificatie>
                            <Historie:beginGeldigheid>2011-07-21</Historie:beginGeldigheid>
                            <Historie:eindGeldigheid>2012-01-24</Historie:eindGeldigheid>
                            <Historie:tijdstipRegistratie>2011-07-25T13:25:05.000</Historie:tijdstipRegistratie>
                            <Historie:eindRegistratie>2012-01-25T07:57:55.000</Historie:eindRegistratie>
                            <Historie:BeschikbaarLV>
<Historie:tijdstipRegistratieLV>2011-07-26T11:22:07.341</Historie:tijdstipRegistratieLV>
<Historie:tijdstipEindRegistratieLV>2012-01-25T08:02:00.871</Historie:tijdstipEindRegistratieLV>
                            </Historie:BeschikbaarLV>
                        </Historie:Voorkomen>
                    </Objecten:voorkomen>
                </Objecten:Pand>
            </sl-bag-extract:bagObject>
        </sl:stand>
        <sl:stand>
            <sl-bag-extract:bagObject>
                <Objecten:Pand>
                    <Objecten:identificatie>
                        <DatatypenNEN3610:namespace>NL.IMBAG.Pand</DatatypenNEN3610:namespace>
                        <DatatypenNEN3610:lokaalID>0453100000007851</DatatypenNEN3610:lokaalID>
                    </Objecten:identificatie>
                    <Objecten:geometrie>
                        <gml:Polygon srsName="urn:ogc:def:crs:EPSG::28992" srsDimension="3" gml:id="PND_0453100000007851_3_1327474920">
                            <gml:exterior>
<gml:LinearRing>
    <gml:posList count="5">102543.207 496987.87 0.0 102540.952 496997.866 0.0 102531.965 496995.775 0.0 102534.344 496985.879 0.0 102543.207 496987.87 0.0</gml:posList>
</gml:LinearRing>
                            </gml:exterior>
                        </gml:Polygon>
                    </Objecten:geometrie>
                    <Objecten:oorspronkelijkBouwjaar>1955</Objecten:oorspronkelijkBouwjaar>
                    <Objecten:status>Pand gesloopt</Objecten:status>
                    <Objecten:geconstateerd>N</Objecten:geconstateerd>
                    <Objecten:documentdatum>2011-12-07</Objecten:documentdatum>
                    <Objecten:documentnummer>MPG2012-0005</Objecten:documentnummer>
                    <Objecten:voorkomen>
                        <Historie:Voorkomen>
                            <Historie:voorkomenidentificatie>3</Historie:voorkomenidentificatie>
                            <Historie:beginGeldigheid>2012-01-24</Historie:beginGeldigheid>
                            <Historie:tijdstipRegistratie>2012-01-25T07:57:55.000</Historie:tijdstipRegistratie>
                            <Historie:BeschikbaarLV>
<Historie:tijdstipRegistratieLV>2012-01-25T08:02:00.871</Historie:tijdstipRegistratieLV>
                            </Historie:BeschikbaarLV>
                        </Historie:Voorkomen>
                    </Objecten:voorkomen>
                </Objecten:Pand>
            </sl-bag-extract:bagObject>
        </sl:stand>
        <sl:stand>
            <sl-bag-extract:bagObject>
                <Objecten:Pand>
                    <Objecten:identificatie>
                        <DatatypenNEN3610:namespace>NL.IMBAG.Pand</DatatypenNEN3610:namespace>
                        <DatatypenNEN3610:lokaalID>0453100000008339</DatatypenNEN3610:lokaalID>
                    </Objecten:identificatie>
                    <Objecten:geometrie>
                        <gml:Polygon srsName="urn:ogc:def:crs:EPSG::28992" srsDimension="3" gml:id="PND_0453100000008339_1_1290094341">
                            <gml:exterior>
<gml:LinearRing>
    <gml:posList count="11">105547.064 494837.979 0.0 105550.192 494840.518 0.0 105549.437 494841.451 0.0 105555.111 494846.038 0.0 105553.539 494847.983 0.0 105549.535 494844.744 0.0 105544.918 494850.45 0.0 105543.224 494849.079 0.0 105544.543 494847.445 0.0 105541.433 494844.929 0.0 105547.064 494837.979 0.0</gml:posList>
</gml:LinearRing>
                            </gml:exterior>
                        </gml:Polygon>
                    </Objecten:geometrie>
                    <Objecten:oorspronkelijkBouwjaar>1987</Objecten:oorspronkelijkBouwjaar>
                    <Objecten:status>Pand in gebruik</Objecten:status>
                    <Objecten:geconstateerd>N</Objecten:geconstateerd>
                    <Objecten:documentdatum>1985-11-19</Objecten:documentdatum>
                    <Objecten:documentnummer>BP-1985-00375</Objecten:documentnummer>
                    <Objecten:voorkomen>
                        <Historie:Voorkomen>
                            <Historie:voorkomenidentificatie>1</Historie:voorkomenidentificatie>
                            <Historie:beginGeldigheid>1985-11-19</Historie:beginGeldigheid>
                            <Historie:tijdstipRegistratie>2010-11-18T16:28:34.000</Historie:tijdstipRegistratie>
                            <Historie:BeschikbaarLV>
<Historie:tijdstipRegistratieLV>2010-11-18T16:32:21.925</Historie:tijdstipRegistratieLV>
                            </Historie:BeschikbaarLV>
                        </Historie:Voorkomen>
                    </Objecten:voorkomen>
                </Objecten:Pand>
            </sl-bag-extract:bagObject>
        </sl:stand>
        <sl:stand>
            <sl-bag-extract:bagObject>
                <Objecten:Pand>
                    <Objecten:identificatie>
                        <DatatypenNEN3610:namespace>NL.IMBAG.Pand</DatatypenNEN3610:namespace>
                        <DatatypenNEN3610:lokaalID>0453100000008340</DatatypenNEN3610:lokaalID>
                    </Objecten:identificatie>
                    <Objecten:geometrie>
                        <gml:Polygon srsName="urn:ogc:def:crs:EPSG::28992" srsDimension="3" gml:id="PND_0453100000008340_1_1290094341">
                            <gml:exterior>
<gml:LinearRing>
    <gml:posList count="9">105541.656 494835.14 0.0 105535.449 494842.79 0.0 105533.894 494841.532 0.0 105530.774 494839.008 0.0 105532.095 494837.375 0.0 105537.738 494830.43 0.0 105540.883 494832.972 0.0 105540.129 494833.905 0.0 105541.656 494835.14 0.0</gml:posList>
</gml:LinearRing>
                            </gml:exterior>
                        </gml:Polygon>
                    </Objecten:geometrie>
                    <Objecten:oorspronkelijkBouwjaar>1987</Objecten:oorspronkelijkBouwjaar>
                    <Objecten:status>Pand in gebruik</Objecten:status>
                    <Objecten:geconstateerd>N</Objecten:geconstateerd>
                    <Objecten:documentdatum>1985-11-19</Objecten:documentdatum>
                    <Objecten:documentnummer>BP-1985-00375</Objecten:documentnummer>
                    <Objecten:voorkomen>
                        <Historie:Voorkomen>
                            <Historie:voorkomenidentificatie>1</Historie:voorkomenidentificatie>
                            <Historie:beginGeldigheid>1985-11-19</Historie:beginGeldigheid>
                            <Historie:tijdstipRegistratie>2010-11-18T16:28:34.000</Historie:tijdstipRegistratie>
                            <Historie:BeschikbaarLV>
<Historie:tijdstipRegistratieLV>2010-11-18T16:32:21.928</Historie:tijdstipRegistratieLV>
                            </Historie:BeschikbaarLV>
                        </Historie:Voorkomen>
                    </Objecten:voorkomen>
                </Objecten:Pand>
            </sl-bag-extract:bagObject>
        </sl:stand>
    </sl:standBestand>
</sl-bag-extract:bagStand>
