<?xml version="1.0" encoding="UTF-8"?>
<sl-bag-extract:bagStand xmlns:DatatypenNEN3610="www.kadaster.nl/schemas/lvbag/imbag/datatypennen3610/v20200601" xmlns:Objecten="www.kadaster.nl/schemas/lvbag/imbag/objecten/v20200601" xmlns:gml="http://www.opengis.net/gml/3.2" xmlns:Historie="www.kadaster.nl/schemas/lvbag/imbag/historie/v20200601" xmlns:Objecten-ref="www.kadaster.nl/schemas/lvbag/imbag/objecten-ref/v20200601" xmlns:nen5825="www.kadaster.nl/schemas/lvbag/imbag/nen5825/v20200601" xmlns:KenmerkInOnderzoek="www.kadaster.nl/schemas/lvbag/imbag/kenmerkinonderzoek/v20200601" xmlns:selecties-extract="http://www.kadaster.nl/schemas/lvbag/extract-selecties/v20200601" xmlns:sl-bag-extract="http://www.kadaster.nl/schemas/lvbag/extract-deelbestand-lvc/v20200601" xmlns:sl="http://www.kadaster.nl/schemas/standlevering-generiek/1.0" xmlns:xsi="http://www.w3.org/2001/XMLSchema-instance" xmlns:xs="http://www.w3.org/2001/XMLSchema" xsi:schemaLocation="http://www.kadaster.nl/schemas/lvbag/extract-deelbestand-lvc/v20200601 http://www.kadaster.nl/schemas/bag-verstrekkingen/extract-deelbestand-lvc/v20200601/BagvsExtractDeelbestandExtractLvc-2.1.0.xsd">
  <sl-bag-extract:bagInfo>
    <selecties-extract:Gebied-Registratief>
      <selecties-extract:Gebied-NLD />
    </selecties-extract:Gebied-Registratief>
    <selecties-extract:LVC-Extract>
      <selecties-extract:StandTechnischeDatum>2020-10-08</selecties-extract:StandTechnischeDatum>
    </selecties-extract:LVC-Extract>
  </sl-bag-extract:bagInfo>
  <sl:standBestand>
    <sl:dataset>LVBAG</sl:dataset>
    <sl:inhoud>
      <sl:gebied>Nederland</sl:gebied>
      <sl:leveringsId>0000000001</sl:leveringsId>
      <sl:objectTypen>
        <sl:objectType>STA</sl:objectType>
      </sl:objectTypen>
    </sl:inhoud><sl:stand><sl-bag-extract:bagObject><Objecten:Standplaats><Objecten:heeftAlsHoofdadres><Objecten-ref:NummeraanduidingRef domein="NL.IMBAG.Nummeraanduiding">0861200000420273</Objecten-ref:NummeraanduidingRef></Objecten:heeftAlsHoofdadres><Objecten:voorkomen><Historie:Voorkomen><Historie:voorkomenidentificatie>2</Historie:voorkomenidentificatie><Historie:beginGeldigheid>2011-11-28</Historie:beginGeldigheid><Historie:tijdstipRegistratie>2011-11-28T10:11:03.000</Historie:tijdstipRegistratie><Historie:BeschikbaarLV><Historie:tijdstipRegistratieLV>2011-11-28T10:32:57.969</Historie:tijdstipRegistratieLV></Historie:BeschikbaarLV></Historie:Voorkomen></Objecten:voorkomen><Objecten:identificatie domein="NL.IMBAG.Standplaats">0861030000420274</Objecten:identificatie><Objecten:status>Plaats ingetrokken</Objecten:status><Objecten:geometrie><gml:Polygon srsName="urn:ogc:def:crs:EPSG::28992" srsDimension="2" gml:id="STA_0861030000420274_2_1322472777">
  <gml:exterior>
    <gml:LinearRing>
      <gml:posList count="5">154631.647 382841.89 154619.543 382858.08 154611.953 382852.401 154624.057 382836.211 154631.647 382841.89</gml:posList>
    </gml:LinearRing>
  </gml:exterior>
</gml:Polygon></Objecten:geometrie><Objecten:geconstateerd>N</Objecten:geconstateerd><Objecten:documentdatum>2011-11-28</Objecten:documentdatum><Objecten:documentnummer>11int01722</Objecten:documentnummer></Objecten:Standplaats></sl-bag-extract:bagObject></sl:stand><sl:stand><sl-bag-extract:bagObject><Objecten:Standplaats><Objecten:heeftAlsHoofdadres><Objecten-ref:NummeraanduidingRef domein="NL.IMBAG.Nummeraanduiding">0861200000420276</Objecten-ref:NummeraanduidingRef></Objecten:heeftAlsHoofdadres><Objecten:voorkomen><Historie:Voorkomen><Historie:voorkomenidentificatie>1</Historie:voorkomenidentificatie><Historie:beginGeldigheid>2010-12-07</Historie:beginGeldigheid><Historie:eindGeldigheid>2011-07-12</Historie:eindGeldigheid><Historie:tijdstipRegistratie>2010-12-10T15:18:35.000</Historie:tijdstipRegistratie><Historie:eindRegistratie>2011-07-12T11:25:51.000</Historie:eindRegistratie><Historie:BeschikbaarLV><Historie:tijdstipRegistratieLV>2010-12-13T09:04:28.264</Historie:tijdstipRegistratieLV><Historie:tijdstipEindRegistratieLV>2011-07-12T11:33:26.114</Historie:tijdstipEindRegistratieLV></Historie:BeschikbaarLV></Historie:Voorkomen></Objecten:voorkomen><Objecten:identificatie domein="NL.IMBAG.Standplaats">0861030000420277</Objecten:identificatie><Objecten:status>Plaats aangewezen</Objecten:status><Objecten:geometrie><gml:Polygon srsName="urn:ogc:def:crs:EPSG::28992" srsDimension="2" gml:id="STA_0861030000420277_1_1292227468">
  <gml:exterior>
    <gml:LinearRing>
      <gml:posList count="5">154685.261 382825.251 154701.387 382837.46 154695.706 382845.033 154679.604 382832.842 154685.261 382825.251</gml:posList>
    </gml:LinearRing>
  </gml:exterior>
</gml:Polygon></Objecten:geometrie><Objecten:geconstateerd>N</Objecten:geconstateerd><Objecten:documentdatum>2010-12-07</Objecten:documentdatum><Objecten:documentnummer>10int01463</Objecten:documentnummer></Objecten:Standplaats></sl-bag-extract:bagObject></sl:stand><sl:stand><sl-bag-extract:bagObject><Objecten:Standplaats><Objecten:heeftAlsHoofdadres><Objecten-ref:NummeraanduidingRef domein="NL.IMBAG.Nummeraanduiding">0861200000420276</Objecten-ref:NummeraanduidingRef></Objecten:heeftAlsHoofdadres><Objecten:voorkomen><Historie:Voorkomen><Historie:voorkomenidentificatie>2</Historie:voorkomenidentificatie><Historie:beginGeldigheid>2011-07-12</Historie:beginGeldigheid><Historie:tijdstipRegistratie>2011-07-12T11:25:51.000</Historie:tijdstipRegistratie><Historie:BeschikbaarLV><Historie:tijdstipRegistratieLV>2011-07-12T11:33:26.114</Historie:tijdstipRegistratieLV></Historie:BeschikbaarLV></Historie:Voorkomen></Objecten:voorkomen><Objecten:identificatie domein="NL.IMBAG.Standplaats">0861030000420277</Objecten:identificatie><Objecten:status>Plaats ingetrokken</Objecten:status><Objecten:geometrie><gml:Polygon srsName="urn:ogc:def:crs:EPSG::28992" srsDimension="2" gml:id="STA_0861030000420277_2_1310463206">
  <gml:exterior>
    <gml:LinearRing>
      <gml:posList count="5">154685.261 382825.251 154701.387 382837.46 154695.706 382845.033 154679.604 382832.842 154685.261 382825.251</gml:posList>
    </gml:LinearRing>
  </gml:exterior>
</gml:Polygon></Objecten:geometrie><Objecten:geconstateerd>N</Objecten:geconstateerd><Objecten:documentdatum>2011-07-12</Objecten:documentdatum><Objecten:documentnummer>11int01130</Objecten:documentnummer></Objecten:Standplaats></sl-bag-extract:bagObject></sl:stand><sl:stand><sl-bag-extract:bagObject><Objecten:Standplaats><Objecten:heeftAlsHoofdadres><Objecten-ref:NummeraanduidingRef domein="NL.IMBAG.Nummeraanduiding">0861200000420279</Objecten-ref:NummeraanduidingRef></Objecten:heeftAlsHoofdadres><Objecten:voorkomen><Historie:Voorkomen><Historie:voorkomenidentificatie>1</Historie:voorkomenidentificatie><Historie:beginGeldigheid>2010-12-07</Historie:beginGeldigheid><Historie:eindGeldigheid>2011-11-28</Historie:eindGeldigheid><Historie:tijdstipRegistratie>2010-12-10T15:18:35.000</Historie:tijdstipRegistratie><Historie:eindRegistratie>2011-11-28T10:11:44.000</Historie:eindRegistratie><Historie:BeschikbaarLV><Historie:tijdstipRegistratieLV>2010-12-13T09:04:28.257</Historie:tijdstipRegistratieLV><Historie:tijdstipEindRegistratieLV>2011-11-28T10:32:58.082</Historie:tijdstipEindRegistratieLV></Historie:BeschikbaarLV></Historie:Voorkomen></Objecten:voorkomen><Objecten:identificatie domein="NL.IMBAG.Standplaats">0861030000420280</Objecten:identificatie><Objecten:status>Plaats aangewezen</Objecten:status><Objecten:geometrie><gml:Polygon srsName="urn:ogc:def:crs:EPSG::28992" srsDimension="2" gml:id="STA_0861030000420280_1_1292227468">
  <gml:exterior>
    <gml:LinearRing>
      <gml:posList count="5">154624.057 382836.211 154611.953 382852.401 154604.291 382846.667 154616.395 382830.477 154624.057 382836.211</gml:posList>
    </gml:LinearRing>
  </gml:exterior>
</gml:Polygon></Objecten:geometrie><Objecten:geconstateerd>N</Objecten:geconstateerd><Objecten:documentdatum>2010-12-07</Objecten:documentdatum><Objecten:documentnummer>10int01463</Objecten:documentnummer></Objecten:Standplaats></sl-bag-extract:bagObject></sl:stand><sl:stand><sl-bag-extract:bagObject><Objecten:Standplaats><Objecten:heeftAlsHoofdadres><Objecten-ref:NummeraanduidingRef domein="NL.IMBAG.Nummeraanduiding">0861200000420279</Objecten-ref:NummeraanduidingRef></Objecten:heeftAlsHoofdadres><Objecten:voorkomen><Historie:Voorkomen><Historie:voorkomenidentificatie>2</Historie:voorkomenidentificatie><Historie:beginGeldigheid>2011-11-28</Historie:beginGeldigheid><Historie:tijdstipRegistratie>2011-11-28T10:11:44.000</Historie:tijdstipRegistratie><Historie:BeschikbaarLV><Historie:tijdstipRegistratieLV>2011-11-28T10:32:58.082</Historie:tijdstipRegistratieLV></Historie:BeschikbaarLV></Historie:Voorkomen></Objecten:voorkomen><Objecten:identificatie domein="NL.IMBAG.Standplaats">0861030000420280</Objecten:identificatie><Objecten:status>Plaats ingetrokken</Objecten:status><Objecten:geometrie><gml:Polygon srsName="urn:ogc:def:crs:EPSG::28992" srsDimension="2" gml:id="STA_0861030000420280_2_1322472778">
  <gml:exterior>
    <gml:LinearRing>
      <gml:posList count="5">154624.057 382836.211 154611.953 382852.401 154604.291 382846.667 154616.395 382830.477 154624.057 382836.211</gml:posList>
    </gml:LinearRing>
  </gml:exterior>
</gml:Polygon></Objecten:geometrie><Objecten:geconstateerd>N</Objecten:geconstateerd><Objecten:documentdatum>2011-11-28</Objecten:documentdatum><Objecten:documentnummer>11int01722</Objecten:documentnummer></Objecten:Standplaats></sl-bag-extract:bagObject></sl:stand><sl:stand><sl-bag-extract:bagObject><Objecten:Standplaats><Objecten:heeftAlsHoofdadres><Objecten-ref:NummeraanduidingRef domein="NL.IMBAG.Nummeraanduiding">0861200000420282</Objecten-ref:NummeraanduidingRef></Objecten:heeftAlsHoofdadres><Objecten:voorkomen><Historie:Voorkomen><Historie:voorkomenidentificatie>1</Historie:voorkomenidentificatie><Historie:beginGeldigheid>2010-12-07</Historie:beginGeldigheid><Historie:eindGeldigheid>2011-11-28</Historie:eindGeldigheid><Historie:tijdstipRegistratie>2010-12-10T15:18:35.000</Historie:tijdstipRegistratie><Historie:eindRegistratie>2011-11-28T10:12:06.000</Historie:eindRegistratie><Historie:BeschikbaarLV><Historie:tijdstipRegistratieLV>2010-12-13T09:04:28.251</Historie:tijdstipRegistratieLV><Historie:tijdstipEindRegistratieLV>2011-11-28T10:32:58.089</Historie:tijdstipEindRegistratieLV></Historie:BeschikbaarLV></Historie:Voorkomen></Objecten:voorkomen><Objecten:identificatie domein="NL.IMBAG.Standplaats">0861030000420283</Objecten:identificatie><Objecten:status>Plaats aangewezen</Objecten:status><Objecten:geometrie><gml:Polygon srsName="urn:ogc:def:crs:EPSG::28992" srsDimension="2" gml:id="STA_0861030000420283_1_1292227468">
  <gml:exterior>
    <gml:LinearRing>
      <gml:posList count="9">154669.843 382821.722 154675.117 382825.64 154669.403 382833.291 154653.174 382821.161 154658.847 382813.552 154661.335 382815.401 154663.005 382813.153 154671.513 382819.474 154669.843 382821.722</gml:posList>
    </gml:LinearRing>
  </gml:exterior>
</gml:Polygon></Objecten:geometrie><Objecten:geconstateerd>N</Objecten:geconstateerd><Objecten:documentdatum>2010-12-07</Objecten:documentdatum><Objecten:documentnummer>10int01463</Objecten:documentnummer></Objecten:Standplaats></sl-bag-extract:bagObject></sl:stand>
  </sl:standBestand>
</sl-bag-extract:bagStand>
