<?xml version="1.0" encoding="UTF-8" standalone="yes"?>
<sl-bag-extract:bagStand xmlns:selecties-extract="http://www.kadaster.nl/schemas/lvbag/extract-selecties/v20180601" xmlns:sl-bag-extract="http://www.kadaster.nl/schemas/lvbag/extract-deelbestand-lvc/v20180601" xmlns:sl="http://www.kadaster.nl/schemas/standlevering-generiek/1.0" xmlns:DatatypenNEN3610="www.kadaster.nl/schemas/lvbag/imbag/datatypennen3610/v20180601" xmlns:Objecten="www.kadaster.nl/schemas/lvbag/imbag/objecten/v20180601" xmlns:gml="http://www.opengis.net/gml/3.2" xmlns:xlink="http://www.w3.org/1999/xlink" xmlns:Historie="www.kadaster.nl/schemas/lvbag/imbag/historie/v20180601" xmlns:Objecten-ref="www.kadaster.nl/schemas/lvbag/imbag/objecten-ref/v20180601" xmlns:nen5825="www.kadaster.nl/schemas/lvbag/imbag/nen5825/v20180601" xmlns:KenmerkInOnderzoek="www.kadaster.nl/schemas/lvbag/imbag/kenmerkinonderzoek/v20180601">
    <sl-bag-extract:bagInfo>
        <selecties-extract:Gebied-Registratief>
            <selecties-extract:Gebied-NLD />
        </selecties-extract:Gebied-Registratief>
        <selecties-extract:LVC-Extract>
            <selecties-extract:StandTechnischeDatum>2019-12-18</selecties-extract:StandTechnischeDatum>
        </selecties-extract:LVC-Extract>
    </sl-bag-extract:bagInfo>
    <sl:standBestand>
        <sl:dataset>LVBAG</sl:dataset>
        <sl:inhoud>
            <sl:gebied>Nederland</sl:gebied>
            <sl:leveringsId>0000000001</sl:leveringsId>
            <sl:objectTypen>
                <sl:objectType>STA</sl:objectType>
            </sl:objectTypen>
        </sl:inhoud>
        <sl:stand>
            <sl-bag-extract:bagObject>
                <Objecten:Standplaats>
                    <Objecten:heeftAlsHoofdadres>
                        <Objecten-ref:NummeraanduidingRef xlink:href="NL.IMBAG.NUMMERAANDUIDING.0106200000003545"/>
                    </Objecten:heeftAlsHoofdadres>
                    <Objecten:voorkomen>
                        <Historie:Voorkomen>
                            <Historie:voorkomenidentificatie>1</Historie:voorkomenidentificatie>
                            <Historie:beginGeldigheid>2009-09-23</Historie:beginGeldigheid>
                            <Historie:tijdstipRegistratie>2009-11-06T13:37:24.000</Historie:tijdstipRegistratie>
                            <Historie:BeschikbaarLV>
<Historie:tijdstipRegistratieLV>2009-11-06T14:07:51.542</Historie:tijdstipRegistratieLV>
                            </Historie:BeschikbaarLV>
                        </Historie:Voorkomen>
                    </Objecten:voorkomen>
                    <Objecten:identificatie>
                        <DatatypenNEN3610:namespace>NL.IMBAG.Standplaats</DatatypenNEN3610:namespace>
                        <DatatypenNEN3610:lokaalID>0106030000000001</DatatypenNEN3610:lokaalID>
                    </Objecten:identificatie>
                    <Objecten:status>Plaats aangewezen</Objecten:status>
                    <Objecten:geometrie>
                        <gml:Polygon srsName="urn:ogc:def:crs:EPSG::28992" srsDimension="2" gml:id="STA_0106030000000001_1_1257512871">
                            <gml:exterior>
<gml:LinearRing>
    <gml:posList count="5">234939.318 556440.698 234932.677 556433.255 234947.899 556419.674 234954.524 556427.092 234939.318 556440.698</gml:posList>
</gml:LinearRing>
                            </gml:exterior>
                        </gml:Polygon>
                    </Objecten:geometrie>
                    <Objecten:geconstateerd>N</Objecten:geconstateerd>
                    <Objecten:documentdatum>2009-09-23</Objecten:documentdatum>
                    <Objecten:documentnummer>2009-BB01707</Objecten:documentnummer>
                </Objecten:Standplaats>
            </sl-bag-extract:bagObject>
        </sl:stand>
        <sl:stand>
            <sl-bag-extract:bagObject>
                <Objecten:Standplaats>
                    <Objecten:heeftAlsHoofdadres>
                        <Objecten-ref:NummeraanduidingRef xlink:href="NL.IMBAG.NUMMERAANDUIDING.0106200000027627"/>
                    </Objecten:heeftAlsHoofdadres>
                    <Objecten:voorkomen>
                        <Historie:Voorkomen>
                            <Historie:voorkomenidentificatie>1</Historie:voorkomenidentificatie>
                            <Historie:beginGeldigheid>2009-09-23</Historie:beginGeldigheid>
                            <Historie:eindGeldigheid>2017-08-30</Historie:eindGeldigheid>
                            <Historie:tijdstipRegistratie>2009-11-06T13:37:25.000</Historie:tijdstipRegistratie>
                            <Historie:eindRegistratie>2017-08-30T15:46:35.000</Historie:eindRegistratie>
                            <Historie:BeschikbaarLV>
<Historie:tijdstipRegistratieLV>2009-11-06T14:07:51.672</Historie:tijdstipRegistratieLV>
<Historie:tijdstipEindRegistratieLV>2017-08-30T16:00:50.468</Historie:tijdstipEindRegistratieLV>
                            </Historie:BeschikbaarLV>
                        </Historie:Voorkomen>
                    </Objecten:voorkomen>
                    <Objecten:identificatie>
                        <DatatypenNEN3610:namespace>NL.IMBAG.Standplaats</DatatypenNEN3610:namespace>
                        <DatatypenNEN3610:lokaalID>0106030000000026</DatatypenNEN3610:lokaalID>
                    </Objecten:identificatie>
                    <Objecten:status>Plaats aangewezen</Objecten:status>
                    <Objecten:geometrie>
                        <gml:Polygon srsName="urn:ogc:def:crs:EPSG::28992" srsDimension="2" gml:id="STA_0106030000000026_1_1257512871">
                            <gml:exterior>
<gml:LinearRing>
    <gml:posList count="8">233039.443 558816.21 233045.426 558797.926 233050.926 558800.414 233052.8 558800.848 233051.094 558820.038 233051.083 558820.167 233039.327 558816.564 233039.443 558816.21</gml:posList>
</gml:LinearRing>
                            </gml:exterior>
                        </gml:Polygon>
                    </Objecten:geometrie>
                    <Objecten:geconstateerd>N</Objecten:geconstateerd>
                    <Objecten:documentdatum>2009-09-23</Objecten:documentdatum>
                    <Objecten:documentnummer>2009-BB01707</Objecten:documentnummer>
                </Objecten:Standplaats>
            </sl-bag-extract:bagObject>
        </sl:stand>
        <sl:stand>
            <sl-bag-extract:bagObject>
                <Objecten:Standplaats>
                    <Objecten:heeftAlsHoofdadres>
                        <Objecten-ref:NummeraanduidingRef xlink:href="NL.IMBAG.NUMMERAANDUIDING.0106200000028729"/>
                    </Objecten:heeftAlsHoofdadres>
                    <Objecten:voorkomen>
                        <Historie:Voorkomen>
                            <Historie:voorkomenidentificatie>1</Historie:voorkomenidentificatie>
                            <Historie:beginGeldigheid>2009-09-23</Historie:beginGeldigheid>
                            <Historie:tijdstipRegistratie>2009-11-06T13:37:26.000</Historie:tijdstipRegistratie>
                            <Historie:BeschikbaarLV>
<Historie:tijdstipRegistratieLV>2009-11-06T14:07:51.789</Historie:tijdstipRegistratieLV>
                            </Historie:BeschikbaarLV>
                        </Historie:Voorkomen>
                    </Objecten:voorkomen>
                    <Objecten:identificatie>
                        <DatatypenNEN3610:namespace>NL.IMBAG.Standplaats</DatatypenNEN3610:namespace>
                        <DatatypenNEN3610:lokaalID>0106030000000034</DatatypenNEN3610:lokaalID>
                    </Objecten:identificatie>
                    <Objecten:status>Plaats aangewezen</Objecten:status>
                    <Objecten:geometrie>
                        <gml:Polygon srsName="urn:ogc:def:crs:EPSG::28992" srsDimension="2" gml:id="STA_0106030000000034_1_1257512871">
                            <gml:exterior>
<gml:LinearRing>
    <gml:posList count="6">235531.685 559699.567 235519.301 559692.324 235529.876 559673.958 235553.779 559687.863 235543.157 559706.037 235531.685 559699.567</gml:posList>
</gml:LinearRing>
                            </gml:exterior>
                        </gml:Polygon>
                    </Objecten:geometrie>
                    <Objecten:geconstateerd>N</Objecten:geconstateerd>
                    <Objecten:documentdatum>2009-09-23</Objecten:documentdatum>
                    <Objecten:documentnummer>2009-BB01707</Objecten:documentnummer>
                </Objecten:Standplaats>
            </sl-bag-extract:bagObject>
        </sl:stand>
        <sl:stand>
            <sl-bag-extract:bagObject>
                <Objecten:Standplaats>
                    <Objecten:heeftAlsHoofdadres>
                        <Objecten-ref:NummeraanduidingRef xlink:href="NL.IMBAG.NUMMERAANDUIDING.0106200000028732"/>
                    </Objecten:heeftAlsHoofdadres>
                    <Objecten:voorkomen>
                        <Historie:Voorkomen>
                            <Historie:voorkomenidentificatie>1</Historie:voorkomenidentificatie>
                            <Historie:beginGeldigheid>2009-09-23</Historie:beginGeldigheid>
                            <Historie:tijdstipRegistratie>2009-11-06T13:37:26.000</Historie:tijdstipRegistratie>
                            <Historie:BeschikbaarLV>
<Historie:tijdstipRegistratieLV>2009-11-06T14:07:51.798</Historie:tijdstipRegistratieLV>
                            </Historie:BeschikbaarLV>
                        </Historie:Voorkomen>
                    </Objecten:voorkomen>
                    <Objecten:identificatie>
                        <DatatypenNEN3610:namespace>NL.IMBAG.Standplaats</DatatypenNEN3610:namespace>
                        <DatatypenNEN3610:lokaalID>0106030000000035</DatatypenNEN3610:lokaalID>
                    </Objecten:identificatie>
                    <Objecten:status>Plaats aangewezen</Objecten:status>
                    <Objecten:geometrie>
                        <gml:Polygon srsName="urn:ogc:def:crs:EPSG::28992" srsDimension="2" gml:id="STA_0106030000000035_1_1257512871">
                            <gml:exterior>
<gml:LinearRing>
    <gml:posList count="6">235531.685 559699.567 235543.157 559706.037 235555.352 559713.199 235550.312 559721.829 235526.816 559708.257 235531.685 559699.567</gml:posList>
</gml:LinearRing>
                            </gml:exterior>
                        </gml:Polygon>
                    </Objecten:geometrie>
                    <Objecten:geconstateerd>N</Objecten:geconstateerd>
                    <Objecten:documentdatum>2009-09-23</Objecten:documentdatum>
                    <Objecten:documentnummer>2009-BB01707</Objecten:documentnummer>
                </Objecten:Standplaats>
            </sl-bag-extract:bagObject>
        </sl:stand>
        <sl:stand>
            <sl-bag-extract:bagObject>
                <Objecten:Standplaats>
                    <Objecten:heeftAlsHoofdadres>
                        <Objecten-ref:NummeraanduidingRef xlink:href="NL.IMBAG.NUMMERAANDUIDING.0106200000028734"/>
                    </Objecten:heeftAlsHoofdadres>
                    <Objecten:voorkomen>
                        <Historie:Voorkomen>
                            <Historie:voorkomenidentificatie>1</Historie:voorkomenidentificatie>
                            <Historie:beginGeldigheid>2009-09-23</Historie:beginGeldigheid>
                            <Historie:tijdstipRegistratie>2009-11-06T13:37:26.000</Historie:tijdstipRegistratie>
                            <Historie:BeschikbaarLV>
<Historie:tijdstipRegistratieLV>2009-11-06T14:07:51.837</Historie:tijdstipRegistratieLV>
                            </Historie:BeschikbaarLV>
                        </Historie:Voorkomen>
                    </Objecten:voorkomen>
                    <Objecten:identificatie>
                        <DatatypenNEN3610:namespace>NL.IMBAG.Standplaats</DatatypenNEN3610:namespace>
                        <DatatypenNEN3610:lokaalID>0106030000000036</DatatypenNEN3610:lokaalID>
                    </Objecten:identificatie>
                    <Objecten:status>Plaats aangewezen</Objecten:status>
                    <Objecten:geometrie>
                        <gml:Polygon srsName="urn:ogc:def:crs:EPSG::28992" srsDimension="2" gml:id="STA_0106030000000036_1_1257512871">
                            <gml:exterior>
<gml:LinearRing>
    <gml:posList count="5">235526.816 559708.257 235550.312 559721.829 235540.353 559738.882 235517.032 559725.719 235526.816 559708.257</gml:posList>
</gml:LinearRing>
                            </gml:exterior>
                        </gml:Polygon>
                    </Objecten:geometrie>
                    <Objecten:geconstateerd>N</Objecten:geconstateerd>
                    <Objecten:documentdatum>2009-09-23</Objecten:documentdatum>
                    <Objecten:documentnummer>2009-BB01707</Objecten:documentnummer>
                </Objecten:Standplaats>
            </sl-bag-extract:bagObject>
        </sl:stand>
    </sl:standBestand>
</sl-bag-extract:bagStand>
