<?xml version="1.0" encoding="UTF-8"?>
<sl-bag-extract:bagStand xmlns:DatatypenNEN3610="www.kadaster.nl/schemas/lvbag/imbag/datatypennen3610/v20200601" xmlns:Objecten="www.kadaster.nl/schemas/lvbag/imbag/objecten/v20200601" xmlns:gml="http://www.opengis.net/gml/3.2" xmlns:Historie="www.kadaster.nl/schemas/lvbag/imbag/historie/v20200601" xmlns:Objecten-ref="www.kadaster.nl/schemas/lvbag/imbag/objecten-ref/v20200601" xmlns:nen5825="www.kadaster.nl/schemas/lvbag/imbag/nen5825/v20200601" xmlns:KenmerkInOnderzoek="www.kadaster.nl/schemas/lvbag/imbag/kenmerkinonderzoek/v20200601" xmlns:selecties-extract="http://www.kadaster.nl/schemas/lvbag/extract-selecties/v20200601" xmlns:sl-bag-extract="http://www.kadaster.nl/schemas/lvbag/extract-deelbestand-lvc/v20200601" xmlns:sl="http://www.kadaster.nl/schemas/standlevering-generiek/1.0" xmlns:xsi="http://www.w3.org/2001/XMLSchema-instance" xmlns:xs="http://www.w3.org/2001/XMLSchema" xsi:schemaLocation="http://www.kadaster.nl/schemas/lvbag/extract-deelbestand-lvc/v20200601 http://www.kadaster.nl/schemas/bag-verstrekkingen/extract-deelbestand-lvc/v20200601/BagvsExtractDeelbestandExtractLvc-2.1.0.xsd">
  <sl-bag-extract:bagInfo>
    <selecties-extract:Gebied-Registratief>
      <selecties-extract:Gebied-NLD />
    </selecties-extract:Gebied-Registratief>
    <selecties-extract:LVC-Extract>
      <selecties-extract:StandTechnischeDatum>2020-10-08</selecties-extract:StandTechnischeDatum>
    </selecties-extract:LVC-Extract>
  </sl-bag-extract:bagInfo>
  <sl:standBestand>
    <sl:dataset>LVBAG</sl:dataset>
    <sl:inhoud>
      <sl:gebied>Nederland</sl:gebied>
      <sl:leveringsId>0000000001</sl:leveringsId>
      <sl:objectTypen>
        <sl:objectType>PND</sl:objectType>
      </sl:objectTypen>
    </sl:inhoud><sl:stand><sl-bag-extract:bagObject><Objecten:Pand><Objecten:identificatie domein="NL.IMBAG.Pand">0007100000002003</Objecten:identificatie><Objecten:geometrie><gml:Polygon srsName="urn:ogc:def:crs:EPSG::28992" srsDimension="3" gml:id="PND_0007100000002003_1_1286454630">
  <gml:exterior>
    <gml:LinearRing>
      <gml:posList count="9">272868.353 569781.241 0.0 272875.208 569774.892 0.0 272880.478 569780.582 0.0 272879.421 569781.56 0.0 272883.928 569786.427 0.0 272879.195 569790.847 0.0 272874.678 569785.954 0.0 272873.621 569786.946 0.0 272868.353 569781.241 0.0</gml:posList>
    </gml:LinearRing>
  </gml:exterior>
</gml:Polygon></Objecten:geometrie><Objecten:oorspronkelijkBouwjaar>2002</Objecten:oorspronkelijkBouwjaar><Objecten:status>Pand in gebruik</Objecten:status><Objecten:geconstateerd>N</Objecten:geconstateerd><Objecten:documentdatum>2000-12-19</Objecten:documentdatum><Objecten:documentnummer>2000255</Objecten:documentnummer><Objecten:voorkomen><Historie:Voorkomen><Historie:voorkomenidentificatie>1</Historie:voorkomenidentificatie><Historie:beginGeldigheid>2000-12-19</Historie:beginGeldigheid><Historie:tijdstipRegistratie>2010-10-07T14:01:05.000</Historie:tijdstipRegistratie><Historie:BeschikbaarLV><Historie:tijdstipRegistratieLV>2010-10-07T14:30:30.281</Historie:tijdstipRegistratieLV></Historie:BeschikbaarLV></Historie:Voorkomen></Objecten:voorkomen></Objecten:Pand></sl-bag-extract:bagObject></sl:stand><sl:stand><sl-bag-extract:bagObject><Objecten:Pand><Objecten:identificatie domein="NL.IMBAG.Pand">0007100000002004</Objecten:identificatie><Objecten:geometrie><gml:Polygon srsName="urn:ogc:def:crs:EPSG::28992" srsDimension="3" gml:id="PND_0007100000002004_1_1286454630">
  <gml:exterior>
    <gml:LinearRing>
      <gml:posList count="27">272912.336 569777.964 0.0 272912.903 569777.458 0.0 272913.161 569776.332 0.0 272914.024 569775.563 0.0 272915.172 569775.435 0.0 272915.748 569774.923 0.0 272915.854 569775.043 0.0 272920.074 569771.283 0.0 272922.419 569773.915 0.0 272923.519 569772.935 0.0 272921.193 569770.325 0.0 272924.293 569767.563 0.0 272923.567 569766.748 0.0 272954.6 569739.095 0.0 272969.253 569755.539 0.0 272935.058 569786.01 0.0 272925.386 569775.155 0.0 272924.273 569776.147 0.0 272926.959 569779.162 0.0 272919.164 569786.108 0.0 272918.732 569785.623 0.0 272917.606 569785.329 0.0 272916.832 569784.46 0.0 272916.669 569783.308 0.0 272916.11 569782.681 0.0 272916.349 569782.468 0.0 272912.336 569777.964 0.0</gml:posList>
    </gml:LinearRing>
  </gml:exterior>
</gml:Polygon></Objecten:geometrie><Objecten:oorspronkelijkBouwjaar>1933</Objecten:oorspronkelijkBouwjaar><Objecten:status>Pand in gebruik</Objecten:status><Objecten:geconstateerd>N</Objecten:geconstateerd><Objecten:documentdatum>2009-09-01</Objecten:documentdatum><Objecten:documentnummer>2009090113/c</Objecten:documentnummer><Objecten:voorkomen><Historie:Voorkomen><Historie:voorkomenidentificatie>1</Historie:voorkomenidentificatie><Historie:beginGeldigheid>2009-09-01</Historie:beginGeldigheid><Historie:tijdstipRegistratie>2010-10-07T14:01:06.000</Historie:tijdstipRegistratie><Historie:BeschikbaarLV><Historie:tijdstipRegistratieLV>2010-10-07T14:30:30.285</Historie:tijdstipRegistratieLV></Historie:BeschikbaarLV></Historie:Voorkomen></Objecten:voorkomen></Objecten:Pand></sl-bag-extract:bagObject></sl:stand><sl:stand><sl-bag-extract:bagObject><Objecten:Pand><Objecten:identificatie domein="NL.IMBAG.Pand">0007100000002005</Objecten:identificatie><Objecten:geometrie><gml:Polygon srsName="urn:ogc:def:crs:EPSG::28992" srsDimension="3" gml:id="PND_0007100000002005_1_1286454630">
  <gml:exterior>
    <gml:LinearRing>
      <gml:posList count="13">273073.53 569906.582 0.0 273046.563 569930.322 0.0 273045.483 569929.096 0.0 273039.402 569934.449 0.0 273037.547 569932.341 0.0 273031.405 569937.749 0.0 273023.069 569928.279 0.0 273029.177 569922.902 0.0 273027.664 569921.183 0.0 273035.935 569913.901 0.0 273034.538 569912.315 0.0 273059.349 569890.473 0.0 273073.53 569906.582 0.0</gml:posList>
    </gml:LinearRing>
  </gml:exterior>
</gml:Polygon></Objecten:geometrie><Objecten:oorspronkelijkBouwjaar>1897</Objecten:oorspronkelijkBouwjaar><Objecten:status>Pand in gebruik</Objecten:status><Objecten:geconstateerd>N</Objecten:geconstateerd><Objecten:documentdatum>2009-09-01</Objecten:documentdatum><Objecten:documentnummer>2009090113/c</Objecten:documentnummer><Objecten:voorkomen><Historie:Voorkomen><Historie:voorkomenidentificatie>1</Historie:voorkomenidentificatie><Historie:beginGeldigheid>2009-09-01</Historie:beginGeldigheid><Historie:tijdstipRegistratie>2010-10-07T14:01:06.000</Historie:tijdstipRegistratie><Historie:BeschikbaarLV><Historie:tijdstipRegistratieLV>2010-10-07T14:30:30.288</Historie:tijdstipRegistratieLV></Historie:BeschikbaarLV></Historie:Voorkomen></Objecten:voorkomen></Objecten:Pand></sl-bag-extract:bagObject></sl:stand><sl:stand><sl-bag-extract:bagObject><Objecten:Pand><Objecten:identificatie domein="NL.IMBAG.Pand">0007100000002006</Objecten:identificatie><Objecten:geometrie><gml:Polygon srsName="urn:ogc:def:crs:EPSG::28992" srsDimension="3" gml:id="PND_0007100000002006_1_1286454630">
  <gml:exterior>
    <gml:LinearRing>
      <gml:posList count="13">273063.812 570010.135 0.0 273072.612 570002.579 0.0 273072.67 570002.646 0.0 273075.752 570000.0 0.0 273083.429 569993.408 0.0 273086.857 569997.4 0.0 273083.829 570000.0 0.0 273076.082 570006.651 0.0 273079.905 570011.103 0.0 273075.989 570014.451 0.0 273075.354 570013.707 0.0 273070.45 570017.9 0.0 273063.812 570010.135 0.0</gml:posList>
    </gml:LinearRing>
  </gml:exterior>
</gml:Polygon></Objecten:geometrie><Objecten:oorspronkelijkBouwjaar>1979</Objecten:oorspronkelijkBouwjaar><Objecten:status>Pand in gebruik</Objecten:status><Objecten:geconstateerd>N</Objecten:geconstateerd><Objecten:documentdatum>2009-09-01</Objecten:documentdatum><Objecten:documentnummer>2009090113/c</Objecten:documentnummer><Objecten:voorkomen><Historie:Voorkomen><Historie:voorkomenidentificatie>1</Historie:voorkomenidentificatie><Historie:beginGeldigheid>2009-09-01</Historie:beginGeldigheid><Historie:tijdstipRegistratie>2010-10-07T14:01:06.000</Historie:tijdstipRegistratie><Historie:BeschikbaarLV><Historie:tijdstipRegistratieLV>2010-10-07T14:30:30.292</Historie:tijdstipRegistratieLV></Historie:BeschikbaarLV></Historie:Voorkomen></Objecten:voorkomen></Objecten:Pand></sl-bag-extract:bagObject></sl:stand><sl:stand><sl-bag-extract:bagObject><Objecten:Pand><Objecten:identificatie domein="NL.IMBAG.Pand">0007100000002008</Objecten:identificatie><Objecten:geometrie><gml:Polygon srsName="urn:ogc:def:crs:EPSG::28992" srsDimension="3" gml:id="PND_0007100000002008_1_1286454630">
  <gml:exterior>
    <gml:LinearRing>
      <gml:posList count="11">273113.013 570063.058 0.0 273122.242 570054.114 0.0 273124.552 570056.498 0.0 273133.49 570048.028 0.0 273138.982 570053.825 0.0 273133.126 570059.374 0.0 273130.34 570056.433 0.0 273128.068 570058.585 0.0 273128.356 570058.883 0.0 273118.357 570068.573 0.0 273113.013 570063.058 0.0</gml:posList>
    </gml:LinearRing>
  </gml:exterior>
</gml:Polygon></Objecten:geometrie><Objecten:oorspronkelijkBouwjaar>1938</Objecten:oorspronkelijkBouwjaar><Objecten:status>Pand in gebruik</Objecten:status><Objecten:geconstateerd>N</Objecten:geconstateerd><Objecten:documentdatum>2009-09-01</Objecten:documentdatum><Objecten:documentnummer>2009090113/c</Objecten:documentnummer><Objecten:voorkomen><Historie:Voorkomen><Historie:voorkomenidentificatie>1</Historie:voorkomenidentificatie><Historie:beginGeldigheid>2009-09-01</Historie:beginGeldigheid><Historie:tijdstipRegistratie>2010-10-07T14:01:06.000</Historie:tijdstipRegistratie><Historie:BeschikbaarLV><Historie:tijdstipRegistratieLV>2010-10-07T14:30:30.296</Historie:tijdstipRegistratieLV></Historie:BeschikbaarLV></Historie:Voorkomen></Objecten:voorkomen></Objecten:Pand></sl-bag-extract:bagObject></sl:stand><sl:stand><sl-bag-extract:bagObject><Objecten:Pand><Objecten:identificatie domein="NL.IMBAG.Pand">0007100000002009</Objecten:identificatie><Objecten:geometrie><gml:Polygon srsName="urn:ogc:def:crs:EPSG::28992" srsDimension="3" gml:id="PND_0007100000002009_1_1286454630">
  <gml:exterior>
    <gml:LinearRing>
      <gml:posList count="7">273157.812 570067.662 0.0 273154.516 570070.551 0.0 273149.364 570064.675 0.0 273151.203 570063.063 0.0 273154.656 570067.001 0.0 273156.113 570065.724 0.0 273157.812 570067.662 0.0</gml:posList>
    </gml:LinearRing>
  </gml:exterior>
</gml:Polygon></Objecten:geometrie><Objecten:oorspronkelijkBouwjaar>1978</Objecten:oorspronkelijkBouwjaar><Objecten:status>Pand in gebruik</Objecten:status><Objecten:geconstateerd>N</Objecten:geconstateerd><Objecten:documentdatum>2009-09-01</Objecten:documentdatum><Objecten:documentnummer>2009090113/c</Objecten:documentnummer><Objecten:voorkomen><Historie:Voorkomen><Historie:voorkomenidentificatie>1</Historie:voorkomenidentificatie><Historie:beginGeldigheid>2009-09-01</Historie:beginGeldigheid><Historie:eindGeldigheid>2016-09-09</Historie:eindGeldigheid><Historie:tijdstipRegistratie>2010-10-07T14:01:06.000</Historie:tijdstipRegistratie><Historie:eindRegistratie>2016-09-09T08:02:38.000</Historie:eindRegistratie><Historie:BeschikbaarLV><Historie:tijdstipRegistratieLV>2010-10-07T14:30:30.314</Historie:tijdstipRegistratieLV><Historie:tijdstipEindRegistratieLV>2016-09-09T08:30:42.995</Historie:tijdstipEindRegistratieLV></Historie:BeschikbaarLV></Historie:Voorkomen></Objecten:voorkomen></Objecten:Pand></sl-bag-extract:bagObject></sl:stand><sl:stand><sl-bag-extract:bagObject><Objecten:Pand><Objecten:identificatie domein="NL.IMBAG.Pand">0007100000002009</Objecten:identificatie><Objecten:geometrie><gml:Polygon srsName="urn:ogc:def:crs:EPSG::28992" srsDimension="3" gml:id="PND_0007100000002009_2_1473402642">
  <gml:exterior>
    <gml:LinearRing>
      <gml:posList count="7">273157.812 570067.662 0.0 273154.516 570070.551 0.0 273149.364 570064.675 0.0 273151.203 570063.063 0.0 273154.656 570067.001 0.0 273156.113 570065.724 0.0 273157.812 570067.662 0.0</gml:posList>
    </gml:LinearRing>
  </gml:exterior>
</gml:Polygon></Objecten:geometrie><Objecten:oorspronkelijkBouwjaar>1978</Objecten:oorspronkelijkBouwjaar><Objecten:status>Pand gesloopt</Objecten:status><Objecten:geconstateerd>N</Objecten:geconstateerd><Objecten:documentdatum>2016-09-09</Objecten:documentdatum><Objecten:documentnummer>2016090901T</Objecten:documentnummer><Objecten:voorkomen><Historie:Voorkomen><Historie:voorkomenidentificatie>2</Historie:voorkomenidentificatie><Historie:beginGeldigheid>2016-09-09</Historie:beginGeldigheid><Historie:tijdstipRegistratie>2016-09-09T08:02:38.000</Historie:tijdstipRegistratie><Historie:BeschikbaarLV><Historie:tijdstipRegistratieLV>2016-09-09T08:30:42.995</Historie:tijdstipRegistratieLV></Historie:BeschikbaarLV></Historie:Voorkomen></Objecten:voorkomen></Objecten:Pand></sl-bag-extract:bagObject></sl:stand>
  </sl:standBestand>
</sl-bag-extract:bagStand>
