<?xml version="1.0" encoding="UTF-8" standalone="yes"?>
<sl-bag-extract:bagStand xmlns:DatatypenNEN3610="www.kadaster.nl/schemas/lvbag/imbag/datatypennen3610/v20180601" xmlns:Objecten="www.kadaster.nl/schemas/lvbag/imbag/objecten/v20180601" xmlns:gml="http://www.opengis.net/gml/3.2" xmlns:xlink="http://www.w3.org/1999/xlink" xmlns:Historie="www.kadaster.nl/schemas/lvbag/imbag/historie/v20180601" xmlns:Objecten-ref="www.kadaster.nl/schemas/lvbag/imbag/objecten-ref/v20180601" xmlns:nen5825="www.kadaster.nl/schemas/lvbag/imbag/nen5825/v20180601" xmlns:KenmerkInOnderzoek="www.kadaster.nl/schemas/lvbag/imbag/kenmerkinonderzoek/v20180601" xmlns:selecties-extract="http://www.kadaster.nl/schemas/lvbag/extract-selecties/v20180601" xmlns:sl-bag-extract="http://www.kadaster.nl/schemas/lvbag/extract-deelbestand-lvc/v20180601" xmlns:sl="http://www.kadaster.nl/schemas/standlevering-generiek/1.0">
    <sl-bag-extract:bagInfo>
        <selecties-extract:Gebied-Registratief>
            <selecties-extract:Gebied-GEM>
                <selecties-extract:GemeenteCollectie>
                    <selecties-extract:Gemeente>
                        <selecties-extract:GemeenteIdentificatie>0453</selecties-extract:GemeenteIdentificatie>
                    </selecties-extract:Gemeente>
                </selecties-extract:GemeenteCollectie>
            </selecties-extract:Gebied-GEM>
        </selecties-extract:Gebied-Registratief>
        <selecties-extract:LVC-Extract>
            <selecties-extract:StandTechnischeDatum>2020-05-01</selecties-extract:StandTechnischeDatum>
        </selecties-extract:LVC-Extract>
    </sl-bag-extract:bagInfo>
    <sl:standBestand>
        <sl:dataset>LVBAG</sl:dataset>
        <sl:inhoud>
            <sl:gebied>GEMEENTE</sl:gebied>
            <sl:leveringsId>0000000001</sl:leveringsId>
            <sl:objectTypen>
                <sl:objectType>PND</sl:objectType>
            </sl:objectTypen>
        </sl:inhoud>
        <sl:stand>
            <sl-bag-extract:bagObject>
                <Objecten:Pand>
                    <Objecten:identificatie>
                        <DatatypenNEN3610:namespace>NL.IMBAG.Pand</DatatypenNEN3610:namespace>
                        <DatatypenNEN3610:lokaalID>0453100000008341</DatatypenNEN3610:lokaalID>
                    </Objecten:identificatie>
                    <Objecten:geometrie>
                        <gml:Polygon srsName="urn:ogc:def:crs:EPSG::28992" srsDimension="3" gml:id="PND_0453100000008341_1_1290094341">
                            <gml:exterior>
<gml:LinearRing>
    <gml:posList count="8">105528.389 494822.875 0.0 105531.548 494825.433 0.0 105530.783 494826.357 0.0 105532.31 494827.593 0.0 105526.136 494835.254 0.0 105524.582 494833.996 0.0 105521.498 494831.501 0.0 105528.389 494822.875 0.0</gml:posList>
</gml:LinearRing>
                            </gml:exterior>
                        </gml:Polygon>
                    </Objecten:geometrie>
                    <Objecten:oorspronkelijkBouwjaar>1987</Objecten:oorspronkelijkBouwjaar>
                    <Objecten:status>Pand in gebruik</Objecten:status>
                    <Objecten:geconstateerd>N</Objecten:geconstateerd>
                    <Objecten:documentdatum>1985-11-19</Objecten:documentdatum>
                    <Objecten:documentnummer>BP-1985-00375</Objecten:documentnummer>
                    <Objecten:voorkomen>
                        <Historie:Voorkomen>
                            <Historie:voorkomenidentificatie>1</Historie:voorkomenidentificatie>
                            <Historie:beginGeldigheid>1985-11-19</Historie:beginGeldigheid>
                            <Historie:tijdstipRegistratie>2010-11-18T16:28:34.000</Historie:tijdstipRegistratie>
                            <Historie:BeschikbaarLV>
<Historie:tijdstipRegistratieLV>2010-11-18T16:32:21.932</Historie:tijdstipRegistratieLV>
                            </Historie:BeschikbaarLV>
                        </Historie:Voorkomen>
                    </Objecten:voorkomen>
                </Objecten:Pand>
            </sl-bag-extract:bagObject>
        </sl:stand>
        <sl:stand>
            <sl-bag-extract:bagObject>
                <Objecten:Pand>
                    <Objecten:identificatie>
                        <DatatypenNEN3610:namespace>NL.IMBAG.Pand</DatatypenNEN3610:namespace>
                        <DatatypenNEN3610:lokaalID>0453100000011477</DatatypenNEN3610:lokaalID>
                    </Objecten:identificatie>
                    <Objecten:geometrie>
                        <gml:Polygon srsName="urn:ogc:def:crs:EPSG::28992" srsDimension="3" gml:id="PND_0453100000011477_1_1290096047">
                            <gml:exterior>
<gml:LinearRing>
    <gml:posList count="9">105227.592 494330.871 0.0 105229.324 494329.196 0.0 105226.874 494326.663 0.0 105229.146 494324.466 0.0 105237.486 494333.091 0.0 105235.697 494334.822 0.0 105235.152 494334.282 0.0 105232.951 494336.412 0.0 105227.592 494330.871 0.0</gml:posList>
</gml:LinearRing>
                            </gml:exterior>
                        </gml:Polygon>
                    </Objecten:geometrie>
                    <Objecten:oorspronkelijkBouwjaar>1989</Objecten:oorspronkelijkBouwjaar>
                    <Objecten:status>Pand in gebruik</Objecten:status>
                    <Objecten:geconstateerd>N</Objecten:geconstateerd>
                    <Objecten:documentdatum>1987-12-22</Objecten:documentdatum>
                    <Objecten:documentnummer>BP-1987-00328</Objecten:documentnummer>
                    <Objecten:voorkomen>
                        <Historie:Voorkomen>
                            <Historie:voorkomenidentificatie>1</Historie:voorkomenidentificatie>
                            <Historie:beginGeldigheid>1987-12-22</Historie:beginGeldigheid>
                            <Historie:tijdstipRegistratie>2010-11-18T16:35:26.000</Historie:tijdstipRegistratie>
                            <Historie:BeschikbaarLV>
<Historie:tijdstipRegistratieLV>2010-11-18T17:00:47.755</Historie:tijdstipRegistratieLV>
                            </Historie:BeschikbaarLV>
                        </Historie:Voorkomen>
                    </Objecten:voorkomen>
                </Objecten:Pand>
            </sl-bag-extract:bagObject>
        </sl:stand>
        <sl:stand>
            <sl-bag-extract:bagObject>
                <Objecten:Pand>
                    <Objecten:identificatie>
                        <DatatypenNEN3610:namespace>NL.IMBAG.Pand</DatatypenNEN3610:namespace>
                        <DatatypenNEN3610:lokaalID>0453100000013008</DatatypenNEN3610:lokaalID>
                    </Objecten:identificatie>
                    <Objecten:geometrie>
                        <gml:Polygon srsName="urn:ogc:def:crs:EPSG::28992" srsDimension="3" gml:id="PND_0453100000013008_1_1290096056">
                            <gml:exterior>
<gml:LinearRing>
    <gml:posList count="8">102267.812 497476.304 0.0 102283.893 497473.342 0.0 102284.76 497478.053 0.0 102276.875 497479.505 0.0 102267.951 497481.257 0.0 102267.363 497478.064 0.0 102268.111 497477.926 0.0 102267.812 497476.304 0.0</gml:posList>
</gml:LinearRing>
                            </gml:exterior>
                        </gml:Polygon>
                    </Objecten:geometrie>
                    <Objecten:oorspronkelijkBouwjaar>1929</Objecten:oorspronkelijkBouwjaar>
                    <Objecten:status>Pand in gebruik</Objecten:status>
                    <Objecten:geconstateerd>N</Objecten:geconstateerd>
                    <Objecten:documentdatum>1929-02-20</Objecten:documentdatum>
                    <Objecten:documentnummer>BP-1929-00011</Objecten:documentnummer>
                    <Objecten:voorkomen>
                        <Historie:Voorkomen>
                            <Historie:voorkomenidentificatie>1</Historie:voorkomenidentificatie>
                            <Historie:beginGeldigheid>1929-02-20</Historie:beginGeldigheid>
                            <Historie:tijdstipRegistratie>2010-11-18T16:37:50.000</Historie:tijdstipRegistratie>
                            <Historie:BeschikbaarLV>
<Historie:tijdstipRegistratieLV>2010-11-18T17:00:56.500</Historie:tijdstipRegistratieLV>
                            </Historie:BeschikbaarLV>
                        </Historie:Voorkomen>
                    </Objecten:voorkomen>
                </Objecten:Pand>
            </sl-bag-extract:bagObject>
        </sl:stand>
        <sl:stand>
            <sl-bag-extract:bagObject>
                <Objecten:Pand>
                    <Objecten:identificatie>
                        <DatatypenNEN3610:namespace>NL.IMBAG.Pand</DatatypenNEN3610:namespace>
                        <DatatypenNEN3610:lokaalID>0453100000013648</DatatypenNEN3610:lokaalID>
                    </Objecten:identificatie>
                    <Objecten:geometrie>
                        <gml:Polygon srsName="urn:ogc:def:crs:EPSG::28992" srsDimension="3" gml:id="PND_0453100000013648_3_1304327063">
                            <gml:exterior>
<gml:LinearRing>
    <gml:posList count="10">103453.969 496598.687 0.0 103456.83 496599.616 0.0 103456.675 496600.112 0.0 103458.177 496600.669 0.0 103455.138 496610.027 0.0 103454.821 496610.998 0.0 103453.101 496610.436 0.0 103450.524 496609.684 0.0 103451.251 496607.191 0.0 103453.969 496598.687 0.0</gml:posList>
</gml:LinearRing>
                            </gml:exterior>
                        </gml:Polygon>
                    </Objecten:geometrie>
                    <Objecten:oorspronkelijkBouwjaar>1929</Objecten:oorspronkelijkBouwjaar>
                    <Objecten:status>Pand in gebruik</Objecten:status>
                    <Objecten:geconstateerd>N</Objecten:geconstateerd>
                    <Objecten:documentdatum>2011-04-28</Objecten:documentdatum>
                    <Objecten:documentnummer>AV2011-0091</Objecten:documentnummer>
                    <Objecten:voorkomen>
                        <Historie:Voorkomen>
                            <Historie:voorkomenidentificatie>3</Historie:voorkomenidentificatie>
                            <Historie:beginGeldigheid>2011-04-29</Historie:beginGeldigheid>
                            <Historie:eindGeldigheid>2012-09-27</Historie:eindGeldigheid>
                            <Historie:tijdstipRegistratie>2011-05-02T10:41:12.000</Historie:tijdstipRegistratie>
                            <Historie:eindRegistratie>2012-09-27T13:53:08.000</Historie:eindRegistratie>
                            <Historie:BeschikbaarLV>
<Historie:tijdstipRegistratieLV>2011-05-02T11:04:23.848</Historie:tijdstipRegistratieLV>
<Historie:tijdstipEindRegistratieLV>2012-09-27T14:04:12.900</Historie:tijdstipEindRegistratieLV>
                            </Historie:BeschikbaarLV>
                        </Historie:Voorkomen>
                    </Objecten:voorkomen>
                </Objecten:Pand>
            </sl-bag-extract:bagObject>
        </sl:stand>
    </sl:standBestand>
</sl-bag-extract:bagStand>
